context	ref	alt	methylation_level	mu	mmSplice_bin	variant_count	singleton_count
AAA	A	C	0	1.8303e-09	0	25876	15646
AAA	A	C	0	1.8303e-09	1	12867	7791
AAA	A	C	0	1.8303e-09	2	7322	4404
AAA	A	C	0	1.8303e-09	3	5201	3262
AAA	A	C	0	1.8303e-09	4	2589	1626
AAA	A	C	0	1.8303e-09	5	461	306
AAA	A	C	0	1.8303e-09	6	48	31
AAA	A	C	0	1.8303e-09	7	31	16
AAA	A	C	0	1.8303e-09	9	13	5
AAA	A	C	0	1.8303e-09	NA	24681	15877
AAA	A	G	0	3.0288e-09	0	55189	31768
AAA	A	G	0	3.0288e-09	1	34379	19476
AAA	A	G	0	3.0288e-09	2	19639	11296
AAA	A	G	0	3.0288e-09	3	8206	4688
AAA	A	G	0	3.0288e-09	4	2756	1649
AAA	A	G	0	3.0288e-09	5	785	501
AAA	A	G	0	3.0288e-09	6	74	42
AAA	A	G	0	3.0288e-09	7	37	21
AAA	A	G	0	3.0288e-09	9	10	4
AAA	A	G	0	3.0288e-09	NA	42055	24467
AAA	A	T	0	1.0670e-09	0	15006	9380
AAA	A	T	0	1.0670e-09	1	4260	2627
AAA	A	T	0	1.0670e-09	2	3332	2039
AAA	A	T	0	1.0670e-09	3	2836	1791
AAA	A	T	0	1.0670e-09	4	2299	1496
AAA	A	T	0	1.0670e-09	5	292	202
AAA	A	T	0	1.0670e-09	6	42	24
AAA	A	T	0	1.0670e-09	7	37	25
AAA	A	T	0	1.0670e-09	9	7	4
AAA	A	T	0	1.0670e-09	NA	12475	8069
AAC	A	C	0	1.3911e-09	0	9228	5505
AAC	A	C	0	1.3911e-09	1	3945	2323
AAC	A	C	0	1.3911e-09	2	2387	1425
AAC	A	C	0	1.3911e-09	3	1958	1099
AAC	A	C	0	1.3911e-09	4	1542	934
AAC	A	C	0	1.3911e-09	5	379	255
AAC	A	C	0	1.3911e-09	6	49	33
AAC	A	C	0	1.3911e-09	7	15	9
AAC	A	C	0	1.3911e-09	9	2	2
AAC	A	C	0	1.3911e-09	NA	14450	9020
AAC	A	G	0	5.2457e-09	0	49058	26063
AAC	A	G	0	5.2457e-09	1	22401	11995
AAC	A	G	0	5.2457e-09	2	10559	5859
AAC	A	G	0	5.2457e-09	3	6560	3579
AAC	A	G	0	5.2457e-09	4	4200	2418
AAC	A	G	0	5.2457e-09	5	1170	728
AAC	A	G	0	5.2457e-09	6	141	79
AAC	A	G	0	5.2457e-09	7	75	33
AAC	A	G	0	5.2457e-09	9	18	14
AAC	A	G	0	5.2457e-09	NA	49162	26240
AAC	A	T	0	1.3560e-09	0	8929	5436
AAC	A	T	0	1.3560e-09	1	3302	2007
AAC	A	T	0	1.3560e-09	2	2063	1258
AAC	A	T	0	1.3560e-09	3	1371	852
AAC	A	T	0	1.3560e-09	4	1058	664
AAC	A	T	0	1.3560e-09	5	162	110
AAC	A	T	0	1.3560e-09	6	52	29
AAC	A	T	0	1.3560e-09	7	20	12
AAC	A	T	0	1.3560e-09	9	7	5
AAC	A	T	0	1.3560e-09	NA	12982	8266
AAG	A	C	0	1.4983e-09	0	19424	12050
AAG	A	C	0	1.4983e-09	1	10447	6471
AAG	A	C	0	1.4983e-09	2	5572	3427
AAG	A	C	0	1.4983e-09	3	4517	2815
AAG	A	C	0	1.4983e-09	4	3509	2199
AAG	A	C	0	1.4983e-09	5	283	179
AAG	A	C	0	1.4983e-09	6	33	28
AAG	A	C	0	1.4983e-09	7	18	14
AAG	A	C	0	1.4983e-09	9	6	4
AAG	A	C	0	1.4983e-09	NA	24565	15818
AAG	A	G	0	3.9291e-09	0	64681	37329
AAG	A	G	0	3.9291e-09	1	30952	17740
AAG	A	G	0	3.9291e-09	2	16225	9376
AAG	A	G	0	3.9291e-09	3	6552	3845
AAG	A	G	0	3.9291e-09	4	4375	2707
AAG	A	G	0	3.9291e-09	5	4688	2930
AAG	A	G	0	3.9291e-09	6	267	164
AAG	A	G	0	3.9291e-09	7	102	63
AAG	A	G	0	3.9291e-09	9	25	15
AAG	A	G	0	3.9291e-09	NA	50405	29789
AAG	A	T	0	9.4450e-10	0	11981	7375
AAG	A	T	0	9.4450e-10	1	3355	2062
AAG	A	T	0	9.4450e-10	2	2160	1363
AAG	A	T	0	9.4450e-10	3	1882	1192
AAG	A	T	0	9.4450e-10	4	2262	1440
AAG	A	T	0	9.4450e-10	5	896	611
AAG	A	T	0	9.4450e-10	6	57	35
AAG	A	T	0	9.4450e-10	7	25	14
AAG	A	T	0	9.4450e-10	9	1	1
AAG	A	T	0	9.4450e-10	NA	14194	9087
AAT	A	C	0	1.2703e-09	0	11082	6861
AAT	A	C	0	1.2703e-09	1	4949	3064
AAT	A	C	0	1.2703e-09	2	2952	1823
AAT	A	C	0	1.2703e-09	3	2281	1389
AAT	A	C	0	1.2703e-09	4	1068	650
AAT	A	C	0	1.2703e-09	5	903	624
AAT	A	C	0	1.2703e-09	6	110	76
AAT	A	C	0	1.2703e-09	7	14	8
AAT	A	C	0	1.2703e-09	9	2	2
AAT	A	C	0	1.2703e-09	NA	14866	9562
AAT	A	G	0	7.7544e-09	0	92085	43978
AAT	A	G	0	7.7544e-09	1	37133	18395
AAT	A	G	0	7.7544e-09	2	18806	9426
AAT	A	G	0	7.7544e-09	3	9693	4758
AAT	A	G	0	7.7544e-09	4	5719	3018
AAT	A	G	0	7.7544e-09	5	2940	1561
AAT	A	G	0	7.7544e-09	6	231	114
AAT	A	G	0	7.7544e-09	7	113	57
AAT	A	G	0	7.7544e-09	9	33	13
AAT	A	G	0	7.7544e-09	NA	80392	37094
AAT	A	T	0	1.5138e-09	0	13293	7994
AAT	A	T	0	1.5138e-09	1	3763	2226
AAT	A	T	0	1.5138e-09	2	2894	1688
AAT	A	T	0	1.5138e-09	3	1842	1093
AAT	A	T	0	1.5138e-09	4	758	451
AAT	A	T	0	1.5138e-09	5	31	27
AAT	A	T	0	1.5138e-09	6	49	31
AAT	A	T	0	1.5138e-09	7	22	13
AAT	A	T	0	1.5138e-09	9	4	2
AAT	A	T	0	1.5138e-09	NA	13826	8845
ACA	C	A	0	2.9409e-09	0	28070	16213
ACA	C	A	0	2.9409e-09	1	12015	6904
ACA	C	A	0	2.9409e-09	2	6519	3698
ACA	C	A	0	2.9409e-09	3	4006	2282
ACA	C	A	0	2.9409e-09	4	1504	843
ACA	C	A	0	2.9409e-09	5	1077	675
ACA	C	A	0	2.9409e-09	6	555	364
ACA	C	A	0	2.9409e-09	7	46	28
ACA	C	A	0	2.9409e-09	9	14	7
ACA	C	A	0	2.9409e-09	NA	31581	19630
ACA	C	G	0	2.3710e-09	0	28566	17134
ACA	C	G	0	2.3710e-09	1	11498	6849
ACA	C	G	0	2.3710e-09	2	6964	4100
ACA	C	G	0	2.3710e-09	3	4411	2616
ACA	C	G	0	2.3710e-09	4	1298	784
ACA	C	G	0	2.3710e-09	5	825	542
ACA	C	G	0	2.3710e-09	6	940	657
ACA	C	G	0	2.3710e-09	7	48	34
ACA	C	G	0	2.3710e-09	9	17	7
ACA	C	G	0	2.3710e-09	NA	34679	21573
ACA	C	T	0	9.3201e-09	0	116203	62768
ACA	C	T	0	9.3201e-09	1	57948	31257
ACA	C	T	0	9.3201e-09	2	31920	17446
ACA	C	T	0	9.3201e-09	3	12787	6928
ACA	C	T	0	9.3201e-09	4	6684	3667
ACA	C	T	0	9.3201e-09	5	2476	1516
ACA	C	T	0	9.3201e-09	6	1046	639
ACA	C	T	0	9.3201e-09	7	151	82
ACA	C	T	0	9.3201e-09	9	47	23
ACA	C	T	0	9.3201e-09	NA	82479	47328
ACC	C	A	0	5.7034e-09	0	33799	18957
ACC	C	A	0	5.7034e-09	1	13958	7933
ACC	C	A	0	5.7034e-09	2	7138	3940
ACC	C	A	0	5.7034e-09	3	4760	2641
ACC	C	A	0	5.7034e-09	4	3266	1844
ACC	C	A	0	5.7034e-09	5	2017	1228
ACC	C	A	0	5.7034e-09	6	6708	4502
ACC	C	A	0	5.7034e-09	7	68	32
ACC	C	A	0	5.7034e-09	9	13	5
ACC	C	A	0	5.7034e-09	NA	52028	30913
ACC	C	G	0	2.4639e-09	0	16944	10317
ACC	C	G	0	2.4639e-09	1	8076	4880
ACC	C	G	0	2.4639e-09	2	4274	2633
ACC	C	G	0	2.4639e-09	3	2750	1675
ACC	C	G	0	2.4639e-09	4	2686	1714
ACC	C	G	0	2.4639e-09	5	1579	1062
ACC	C	G	0	2.4639e-09	6	2889	2044
ACC	C	G	0	2.4639e-09	7	23	14
ACC	C	G	0	2.4639e-09	9	6	5
ACC	C	G	0	2.4639e-09	NA	33123	20594
ACC	C	T	0	9.9720e-09	0	93942	49974
ACC	C	T	0	9.9720e-09	1	37573	20025
ACC	C	T	0	9.9720e-09	2	19099	10148
ACC	C	T	0	9.9720e-09	3	9837	5318
ACC	C	T	0	9.9720e-09	4	3253	1814
ACC	C	T	0	9.9720e-09	5	6807	4292
ACC	C	T	0	9.9720e-09	6	8487	5517
ACC	C	T	0	9.9720e-09	7	128	68
ACC	C	T	0	9.9720e-09	9	29	19
ACC	C	T	0	9.9720e-09	NA	79240	44661
ACG	C	A	0	6.6879e-09	0	14775	8287
ACG	C	A	0	6.6879e-09	1	7056	3951
ACG	C	A	0	6.6879e-09	2	3177	1812
ACG	C	A	0	6.6879e-09	3	1776	990
ACG	C	A	0	6.6879e-09	4	1097	611
ACG	C	A	0	6.6879e-09	5	359	217
ACG	C	A	0	6.6879e-09	6	442	278
ACG	C	A	0	6.6879e-09	7	27	15
ACG	C	A	0	6.6879e-09	9	3	2
ACG	C	A	0	6.6879e-09	NA	23884	14180
ACG	C	G	0	4.9426e-09	0	11743	6631
ACG	C	G	0	4.9426e-09	1	5064	2879
ACG	C	G	0	4.9426e-09	2	2590	1501
ACG	C	G	0	4.9426e-09	3	1515	895
ACG	C	G	0	4.9426e-09	4	946	568
ACG	C	G	0	4.9426e-09	5	563	343
ACG	C	G	0	4.9426e-09	6	420	269
ACG	C	G	0	4.9426e-09	7	24	13
ACG	C	G	0	4.9426e-09	9	8	7
ACG	C	G	0	4.9426e-09	NA	22204	13496
ACG	C	T	0	2.6612e-08	0	5729	2438
ACG	C	T	0	2.6612e-08	1	2075	833
ACG	C	T	0	2.6612e-08	2	956	409
ACG	C	T	0	2.6612e-08	3	336	126
ACG	C	T	0	2.6612e-08	4	147	56
ACG	C	T	0	2.6612e-08	5	62	32
ACG	C	T	0	2.6612e-08	6	44	26
ACG	C	T	0	2.6612e-08	7	11	5
ACG	C	T	0	2.6612e-08	9	1	0
ACG	C	T	0	2.6612e-08	NA	4447	1998
ACG	C	T	1	1.0750e-07	0	6853	1464
ACG	C	T	1	1.0750e-07	1	3231	481
ACG	C	T	1	1.0750e-07	2	1381	214
ACG	C	T	1	1.0750e-07	3	519	99
ACG	C	T	1	1.0750e-07	4	163	34
ACG	C	T	1	1.0750e-07	5	94	28
ACG	C	T	1	1.0750e-07	6	100	31
ACG	C	T	1	1.0750e-07	7	17	4
ACG	C	T	1	1.0750e-07	9	6	3
ACG	C	T	1	1.0750e-07	NA	5849	1234
ACG	C	T	2	1.4169e-07	0	117130	11494
ACG	C	T	2	1.4169e-07	1	57471	5155
ACG	C	T	2	1.4169e-07	2	24576	2112
ACG	C	T	2	1.4169e-07	3	8212	807
ACG	C	T	2	1.4169e-07	4	3794	423
ACG	C	T	2	1.4169e-07	5	2279	492
ACG	C	T	2	1.4169e-07	6	1880	508
ACG	C	T	2	1.4169e-07	7	169	16
ACG	C	T	2	1.4169e-07	9	60	9
ACG	C	T	2	1.4169e-07	NA	124181	17925
ACT	C	A	0	2.0967e-09	0	14557	8684
ACT	C	A	0	2.0967e-09	1	5577	3409
ACT	C	A	0	2.0967e-09	2	3240	1897
ACT	C	A	0	2.0967e-09	3	2005	1207
ACT	C	A	0	2.0967e-09	4	664	416
ACT	C	A	0	2.0967e-09	5	1170	752
ACT	C	A	0	2.0967e-09	6	868	629
ACT	C	A	0	2.0967e-09	7	30	15
ACT	C	A	0	2.0967e-09	9	9	7
ACT	C	A	0	2.0967e-09	NA	25001	15568
ACT	C	G	0	3.0337e-09	0	23337	13990
ACT	C	G	0	3.0337e-09	1	7353	4432
ACT	C	G	0	3.0337e-09	2	4686	2900
ACT	C	G	0	3.0337e-09	3	3959	2378
ACT	C	G	0	3.0337e-09	4	3281	1977
ACT	C	G	0	3.0337e-09	5	2681	1815
ACT	C	G	0	3.0337e-09	6	1363	943
ACT	C	G	0	3.0337e-09	7	44	33
ACT	C	G	0	3.0337e-09	9	8	3
ACT	C	G	0	3.0337e-09	NA	40504	25115
ACT	C	T	0	7.9566e-09	0	94598	51905
ACT	C	T	0	7.9566e-09	1	36099	19807
ACT	C	T	0	7.9566e-09	2	16331	8945
ACT	C	T	0	7.9566e-09	3	6679	3637
ACT	C	T	0	7.9566e-09	4	1985	1160
ACT	C	T	0	7.9566e-09	5	5690	3649
ACT	C	T	0	7.9566e-09	6	3051	1985
ACT	C	T	0	7.9566e-09	7	151	95
ACT	C	T	0	7.9566e-09	9	39	26
ACT	C	T	0	7.9566e-09	NA	56870	32609
CAA	A	C	0	1.9615e-09	0	21334	12929
CAA	A	C	0	1.9615e-09	1	9459	5681
CAA	A	C	0	1.9615e-09	2	4456	2706
CAA	A	C	0	1.9615e-09	3	2669	1569
CAA	A	C	0	1.9615e-09	4	2298	1435
CAA	A	C	0	1.9615e-09	5	405	270
CAA	A	C	0	1.9615e-09	6	61	37
CAA	A	C	0	1.9615e-09	7	32	21
CAA	A	C	0	1.9615e-09	9	10	6
CAA	A	C	0	1.9615e-09	NA	23498	14963
CAA	A	G	0	3.8238e-09	0	40449	23215
CAA	A	G	0	3.8238e-09	1	30303	17327
CAA	A	G	0	3.8238e-09	2	16476	9333
CAA	A	G	0	3.8238e-09	3	5721	3241
CAA	A	G	0	3.8238e-09	4	1357	772
CAA	A	G	0	3.8238e-09	5	131	93
CAA	A	G	0	3.8238e-09	6	37	21
CAA	A	G	0	3.8238e-09	7	14	5
CAA	A	G	0	3.8238e-09	9	4	4
CAA	A	G	0	3.8238e-09	NA	40400	24703
CAA	A	T	0	9.1862e-10	0	9121	5773
CAA	A	T	0	9.1862e-10	1	4097	2544
CAA	A	T	0	9.1862e-10	2	2493	1580
CAA	A	T	0	9.1862e-10	3	1312	810
CAA	A	T	0	9.1862e-10	4	754	484
CAA	A	T	0	9.1862e-10	5	823	567
CAA	A	T	0	9.1862e-10	6	124	90
CAA	A	T	0	9.1862e-10	7	9	4
CAA	A	T	0	9.1862e-10	9	2	2
CAA	A	T	0	9.1862e-10	NA	7860	5249
CAC	A	C	0	1.8485e-09	0	18742	11110
CAC	A	C	0	1.8485e-09	1	9623	5612
CAC	A	C	0	1.8485e-09	2	5545	3181
CAC	A	C	0	1.8485e-09	3	3122	1849
CAC	A	C	0	1.8485e-09	4	2386	1429
CAC	A	C	0	1.8485e-09	5	985	627
CAC	A	C	0	1.8485e-09	6	889	616
CAC	A	C	0	1.8485e-09	7	32	14
CAC	A	C	0	1.8485e-09	9	9	4
CAC	A	C	0	1.8485e-09	NA	22648	14457
CAC	A	G	0	5.0796e-09	0	59326	33357
CAC	A	G	0	5.0796e-09	1	32731	18569
CAC	A	G	0	5.0796e-09	2	14019	7961
CAC	A	G	0	5.0796e-09	3	6503	3762
CAC	A	G	0	5.0796e-09	4	3941	2400
CAC	A	G	0	5.0796e-09	5	631	408
CAC	A	G	0	5.0796e-09	6	55	32
CAC	A	G	0	5.0796e-09	7	31	22
CAC	A	G	0	5.0796e-09	9	12	6
CAC	A	G	0	5.0796e-09	NA	58067	34463
CAC	A	T	0	1.4118e-09	0	15272	9264
CAC	A	T	0	1.4118e-09	1	4693	2888
CAC	A	T	0	1.4118e-09	2	2650	1615
CAC	A	T	0	1.4118e-09	3	1771	1096
CAC	A	T	0	1.4118e-09	4	1247	777
CAC	A	T	0	1.4118e-09	5	792	542
CAC	A	T	0	1.4118e-09	6	578	414
CAC	A	T	0	1.4118e-09	7	39	23
CAC	A	T	0	1.4118e-09	9	13	7
CAC	A	T	0	1.4118e-09	NA	16280	10558
CAG	A	C	0	1.6210e-09	0	33041	20282
CAG	A	C	0	1.6210e-09	1	15453	9463
CAG	A	C	0	1.6210e-09	2	7851	4836
CAG	A	C	0	1.6210e-09	3	4276	2680
CAG	A	C	0	1.6210e-09	4	2674	1770
CAG	A	C	0	1.6210e-09	5	2464	1693
CAG	A	C	0	1.6210e-09	6	113	79
CAG	A	C	0	1.6210e-09	7	50	29
CAG	A	C	0	1.6210e-09	9	15	6
CAG	A	C	0	1.6210e-09	NA	25645	16721
CAG	A	G	0	5.2348e-09	0	104551	59107
CAG	A	G	0	5.2348e-09	1	45875	25755
CAG	A	G	0	5.2348e-09	2	21530	11849
CAG	A	G	0	5.2348e-09	3	10173	5802
CAG	A	G	0	5.2348e-09	4	5913	3561
CAG	A	G	0	5.2348e-09	5	8829	5724
CAG	A	G	0	5.2348e-09	6	349	187
CAG	A	G	0	5.2348e-09	7	153	91
CAG	A	G	0	5.2348e-09	9	32	16
CAG	A	G	0	5.2348e-09	NA	88797	52913
CAG	A	T	0	1.1632e-09	0	27575	17079
CAG	A	T	0	1.1632e-09	1	4586	2883
CAG	A	T	0	1.1632e-09	2	2522	1586
CAG	A	T	0	1.1632e-09	3	1461	882
CAG	A	T	0	1.1632e-09	4	1979	1331
CAG	A	T	0	1.1632e-09	5	2627	1771
CAG	A	T	0	1.1632e-09	6	206	138
CAG	A	T	0	1.1632e-09	7	77	49
CAG	A	T	0	1.1632e-09	9	14	12
CAG	A	T	0	1.1632e-09	NA	19362	12499
CAT	A	C	0	2.0022e-09	0	19393	11930
CAT	A	C	0	2.0022e-09	1	8768	5296
CAT	A	C	0	2.0022e-09	2	4869	3023
CAT	A	C	0	2.0022e-09	3	3066	1852
CAT	A	C	0	2.0022e-09	4	1581	1026
CAT	A	C	0	2.0022e-09	5	639	415
CAT	A	C	0	2.0022e-09	6	117	72
CAT	A	C	0	2.0022e-09	7	29	19
CAT	A	C	0	2.0022e-09	9	10	4
CAT	A	C	0	2.0022e-09	NA	28447	18235
CAT	A	G	0	1.1275e-08	0	136090	68334
CAT	A	G	0	1.1275e-08	1	68960	34568
CAT	A	G	0	1.1275e-08	2	29733	14981
CAT	A	G	0	1.1275e-08	3	9766	4984
CAT	A	G	0	1.1275e-08	4	3054	1567
CAT	A	G	0	1.1275e-08	5	264	124
CAT	A	G	0	1.1275e-08	6	128	62
CAT	A	G	0	1.1275e-08	7	68	36
CAT	A	G	0	1.1275e-08	9	15	7
CAT	A	G	0	1.1275e-08	NA	117109	61753
CAT	A	T	0	2.3466e-09	0	24183	14966
CAT	A	T	0	2.3466e-09	1	6865	4232
CAT	A	T	0	2.3466e-09	2	3944	2345
CAT	A	T	0	2.3466e-09	3	2853	1783
CAT	A	T	0	2.3466e-09	4	2111	1294
CAT	A	T	0	2.3466e-09	5	717	470
CAT	A	T	0	2.3466e-09	6	108	74
CAT	A	T	0	2.3466e-09	7	59	31
CAT	A	T	0	2.3466e-09	9	9	3
CAT	A	T	0	2.3466e-09	NA	29634	19089
CCA	C	A	0	2.1462e-09	0	30839	17492
CCA	C	A	0	2.1462e-09	1	11839	6710
CCA	C	A	0	2.1462e-09	2	5082	2848
CCA	C	A	0	2.1462e-09	3	2564	1339
CCA	C	A	0	2.1462e-09	4	1515	841
CCA	C	A	0	2.1462e-09	5	1191	717
CCA	C	A	0	2.1462e-09	6	167	106
CCA	C	A	0	2.1462e-09	7	46	30
CCA	C	A	0	2.1462e-09	9	13	5
CCA	C	A	0	2.1462e-09	NA	21751	13092
CCA	C	G	0	1.7760e-09	0	30379	18126
CCA	C	G	0	1.7760e-09	1	16751	9858
CCA	C	G	0	1.7760e-09	2	8845	5115
CCA	C	G	0	1.7760e-09	3	3496	2055
CCA	C	G	0	1.7760e-09	4	1354	807
CCA	C	G	0	1.7760e-09	5	1565	1017
CCA	C	G	0	1.7760e-09	6	141	104
CCA	C	G	0	1.7760e-09	7	36	24
CCA	C	G	0	1.7760e-09	9	8	7
CCA	C	G	0	1.7760e-09	NA	24698	15301
CCA	C	T	0	6.7244e-09	0	92212	51424
CCA	C	T	0	6.7244e-09	1	57267	32267
CCA	C	T	0	6.7244e-09	2	40387	22802
CCA	C	T	0	6.7244e-09	3	15534	8912
CCA	C	T	0	6.7244e-09	4	5908	3474
CCA	C	T	0	6.7244e-09	5	3236	2092
CCA	C	T	0	6.7244e-09	6	481	279
CCA	C	T	0	6.7244e-09	7	113	71
CCA	C	T	0	6.7244e-09	9	32	12
CCA	C	T	0	6.7244e-09	NA	74761	45368
CCC	C	A	0	3.0275e-09	0	32650	18285
CCC	C	A	0	3.0275e-09	1	18869	10518
CCC	C	A	0	3.0275e-09	2	10552	5778
CCC	C	A	0	3.0275e-09	3	5799	3173
CCC	C	A	0	3.0275e-09	4	4200	2403
CCC	C	A	0	3.0275e-09	5	857	539
CCC	C	A	0	3.0275e-09	6	137	96
CCC	C	A	0	3.0275e-09	7	34	19
CCC	C	A	0	3.0275e-09	9	5	1
CCC	C	A	0	3.0275e-09	NA	29506	17516
CCC	C	G	0	3.2054e-09	0	29338	16860
CCC	C	G	0	3.2054e-09	1	24474	13853
CCC	C	G	0	3.2054e-09	2	21528	12155
CCC	C	G	0	3.2054e-09	3	9803	5563
CCC	C	G	0	3.2054e-09	4	3827	2140
CCC	C	G	0	3.2054e-09	5	617	383
CCC	C	G	0	3.2054e-09	6	69	52
CCC	C	G	0	3.2054e-09	7	10	5
CCC	C	G	0	3.2054e-09	9	4	3
CCC	C	G	0	3.2054e-09	NA	37338	22059
CCC	C	T	0	8.5724e-09	0	101313	54728
CCC	C	T	0	8.5724e-09	1	61249	32676
CCC	C	T	0	8.5724e-09	2	44553	23933
CCC	C	T	0	8.5724e-09	3	17868	9658
CCC	C	T	0	8.5724e-09	4	7436	4037
CCC	C	T	0	8.5724e-09	5	2515	1460
CCC	C	T	0	8.5724e-09	6	232	129
CCC	C	T	0	8.5724e-09	7	112	66
CCC	C	T	0	8.5724e-09	9	29	18
CCC	C	T	0	8.5724e-09	NA	87329	50009
CCG	C	A	0	5.1901e-09	0	25940	14097
CCG	C	A	0	5.1901e-09	1	10538	5801
CCG	C	A	0	5.1901e-09	2	4884	2648
CCG	C	A	0	5.1901e-09	3	2172	1191
CCG	C	A	0	5.1901e-09	4	995	534
CCG	C	A	0	5.1901e-09	5	905	519
CCG	C	A	0	5.1901e-09	6	291	183
CCG	C	A	0	5.1901e-09	7	51	21
CCG	C	A	0	5.1901e-09	9	5	5
CCG	C	A	0	5.1901e-09	NA	18963	10870
CCG	C	G	0	5.3627e-09	0	29490	16051
CCG	C	G	0	5.3627e-09	1	13624	7498
CCG	C	G	0	5.3627e-09	2	7302	4008
CCG	C	G	0	5.3627e-09	3	2886	1590
CCG	C	G	0	5.3627e-09	4	1092	567
CCG	C	G	0	5.3627e-09	5	680	424
CCG	C	G	0	5.3627e-09	6	224	144
CCG	C	G	0	5.3627e-09	7	36	21
CCG	C	G	0	5.3627e-09	9	13	7
CCG	C	G	0	5.3627e-09	NA	28737	17021
CCG	C	T	0	2.0993e-08	0	13553	5943
CCG	C	T	0	2.0993e-08	1	4488	1885
CCG	C	T	0	2.0993e-08	2	1957	851
CCG	C	T	0	2.0993e-08	3	911	378
CCG	C	T	0	2.0993e-08	4	335	137
CCG	C	T	0	2.0993e-08	5	201	93
CCG	C	T	0	2.0993e-08	6	112	50
CCG	C	T	0	2.0993e-08	7	25	9
CCG	C	T	0	2.0993e-08	9	7	5
CCG	C	T	0	2.0993e-08	NA	11197	5114
CCG	C	T	1	8.2387e-08	0	8794	2300
CCG	C	T	1	8.2387e-08	1	3239	632
CCG	C	T	1	8.2387e-08	2	1501	308
CCG	C	T	1	8.2387e-08	3	684	145
CCG	C	T	1	8.2387e-08	4	274	66
CCG	C	T	1	8.2387e-08	5	182	52
CCG	C	T	1	8.2387e-08	6	91	21
CCG	C	T	1	8.2387e-08	7	19	9
CCG	C	T	1	8.2387e-08	9	5	1
CCG	C	T	1	8.2387e-08	NA	6940	1918
CCG	C	T	2	1.2483e-07	0	165372	19170
CCG	C	T	2	1.2483e-07	1	66460	6923
CCG	C	T	2	1.2483e-07	2	29467	3053
CCG	C	T	2	1.2483e-07	3	13288	1496
CCG	C	T	2	1.2483e-07	4	5286	730
CCG	C	T	2	1.2483e-07	5	4340	881
CCG	C	T	2	1.2483e-07	6	1694	333
CCG	C	T	2	1.2483e-07	7	296	41
CCG	C	T	2	1.2483e-07	9	96	12
CCG	C	T	2	1.2483e-07	NA	176880	30926
CCT	C	A	0	1.7092e-09	0	19495	11486
CCT	C	A	0	1.7092e-09	1	8409	4918
CCT	C	A	0	1.7092e-09	2	4337	2534
CCT	C	A	0	1.7092e-09	3	3177	1912
CCT	C	A	0	1.7092e-09	4	1344	795
CCT	C	A	0	1.7092e-09	5	2612	1781
CCT	C	A	0	1.7092e-09	6	1387	897
CCT	C	A	0	1.7092e-09	7	29	17
CCT	C	A	0	1.7092e-09	9	5	4
CCT	C	A	0	1.7092e-09	NA	23132	14272
CCT	C	G	0	2.6842e-09	0	39285	23374
CCT	C	G	0	2.6842e-09	1	19959	11823
CCT	C	G	0	2.6842e-09	2	12178	7121
CCT	C	G	0	2.6842e-09	3	6411	3894
CCT	C	G	0	2.6842e-09	4	3124	1990
CCT	C	G	0	2.6842e-09	5	4543	3085
CCT	C	G	0	2.6842e-09	6	1700	1165
CCT	C	G	0	2.6842e-09	7	48	29
CCT	C	G	0	2.6842e-09	9	19	11
CCT	C	G	0	2.6842e-09	NA	47247	29575
CCT	C	T	0	8.1422e-09	0	145672	79588
CCT	C	T	0	8.1422e-09	1	68096	37178
CCT	C	T	0	8.1422e-09	2	30849	16666
CCT	C	T	0	8.1422e-09	3	10059	5479
CCT	C	T	0	8.1422e-09	4	3831	2237
CCT	C	T	0	8.1422e-09	5	13989	8982
CCT	C	T	0	8.1422e-09	6	3341	2179
CCT	C	T	0	8.1422e-09	7	174	97
CCT	C	T	0	8.1422e-09	9	57	24
CCT	C	T	0	8.1422e-09	NA	69498	39823
GAA	A	C	0	1.2103e-09	0	16153	9871
GAA	A	C	0	1.2103e-09	1	7679	4679
GAA	A	C	0	1.2103e-09	2	3585	2200
GAA	A	C	0	1.2103e-09	3	2497	1520
GAA	A	C	0	1.2103e-09	4	2349	1440
GAA	A	C	0	1.2103e-09	5	175	115
GAA	A	C	0	1.2103e-09	6	29	14
GAA	A	C	0	1.2103e-09	7	17	11
GAA	A	C	0	1.2103e-09	9	7	5
GAA	A	C	0	1.2103e-09	NA	22066	13805
GAA	A	G	0	3.0181e-09	0	37428	21700
GAA	A	G	0	3.0181e-09	1	19178	11018
GAA	A	G	0	3.0181e-09	2	11203	6497
GAA	A	G	0	3.0181e-09	3	5349	3143
GAA	A	G	0	3.0181e-09	4	1398	852
GAA	A	G	0	3.0181e-09	5	74	42
GAA	A	G	0	3.0181e-09	6	72	44
GAA	A	G	0	3.0181e-09	7	40	25
GAA	A	G	0	3.0181e-09	9	10	6
GAA	A	G	0	3.0181e-09	NA	38611	23933
GAA	A	T	0	9.4166e-10	0	10810	6839
GAA	A	T	0	9.4166e-10	1	4058	2579
GAA	A	T	0	9.4166e-10	2	3231	2030
GAA	A	T	0	9.4166e-10	3	2234	1446
GAA	A	T	0	9.4166e-10	4	2165	1379
GAA	A	T	0	9.4166e-10	5	383	259
GAA	A	T	0	9.4166e-10	6	44	33
GAA	A	T	0	9.4166e-10	7	35	21
GAA	A	T	0	9.4166e-10	9	5	3
GAA	A	T	0	9.4166e-10	NA	13510	8810
GAC	A	C	0	1.0495e-09	0	8154	5026
GAC	A	C	0	1.0495e-09	1	3501	2124
GAC	A	C	0	1.0495e-09	2	1735	1053
GAC	A	C	0	1.0495e-09	3	1093	667
GAC	A	C	0	1.0495e-09	4	944	612
GAC	A	C	0	1.0495e-09	5	262	186
GAC	A	C	0	1.0495e-09	6	72	46
GAC	A	C	0	1.0495e-09	7	27	17
GAC	A	C	0	1.0495e-09	9	3	3
GAC	A	C	0	1.0495e-09	NA	12396	7918
GAC	A	G	0	4.2353e-09	0	28768	17007
GAC	A	G	0	4.2353e-09	1	12157	7217
GAC	A	G	0	4.2353e-09	2	7373	4337
GAC	A	G	0	4.2353e-09	3	4569	2746
GAC	A	G	0	4.2353e-09	4	2250	1381
GAC	A	G	0	4.2353e-09	5	243	161
GAC	A	G	0	4.2353e-09	6	104	65
GAC	A	G	0	4.2353e-09	7	53	28
GAC	A	G	0	4.2353e-09	9	12	8
GAC	A	G	0	4.2353e-09	NA	38142	23487
GAC	A	T	0	1.8684e-09	0	10577	6545
GAC	A	T	0	1.8684e-09	1	5778	3605
GAC	A	T	0	1.8684e-09	2	2807	1754
GAC	A	T	0	1.8684e-09	3	1705	1070
GAC	A	T	0	1.8684e-09	4	1256	808
GAC	A	T	0	1.8684e-09	5	238	165
GAC	A	T	0	1.8684e-09	6	27	19
GAC	A	T	0	1.8684e-09	7	4	3
GAC	A	T	0	1.8684e-09	9	1	1
GAC	A	T	0	1.8684e-09	NA	17745	11293
GAG	A	C	0	1.2532e-09	0	19038	11661
GAG	A	C	0	1.2532e-09	1	8586	5189
GAG	A	C	0	1.2532e-09	2	3972	2395
GAG	A	C	0	1.2532e-09	3	2793	1746
GAG	A	C	0	1.2532e-09	4	2655	1662
GAG	A	C	0	1.2532e-09	5	385	244
GAG	A	C	0	1.2532e-09	6	36	18
GAG	A	C	0	1.2532e-09	7	24	14
GAG	A	C	0	1.2532e-09	9	4	2
GAG	A	C	0	1.2532e-09	NA	18900	11893
GAG	A	G	0	3.1245e-09	0	36844	21967
GAG	A	G	0	3.1245e-09	1	21179	12591
GAG	A	G	0	3.1245e-09	2	16082	9552
GAG	A	G	0	3.1245e-09	3	8347	5001
GAG	A	G	0	3.1245e-09	4	3555	2166
GAG	A	G	0	3.1245e-09	5	2461	1605
GAG	A	G	0	3.1245e-09	6	97	61
GAG	A	G	0	3.1245e-09	7	42	24
GAG	A	G	0	3.1245e-09	9	15	10
GAG	A	G	0	3.1245e-09	NA	44969	28335
GAG	A	T	0	1.1340e-09	0	15886	9855
GAG	A	T	0	1.1340e-09	1	5501	3414
GAG	A	T	0	1.1340e-09	2	3226	2042
GAG	A	T	0	1.1340e-09	3	2307	1461
GAG	A	T	0	1.1340e-09	4	1769	1136
GAG	A	T	0	1.1340e-09	5	977	645
GAG	A	T	0	1.1340e-09	6	205	139
GAG	A	T	0	1.1340e-09	7	36	21
GAG	A	T	0	1.1340e-09	9	9	3
GAG	A	T	0	1.1340e-09	NA	17164	11118
GAT	A	C	0	1.0943e-09	0	7924	4879
GAT	A	C	0	1.0943e-09	1	3299	2044
GAT	A	C	0	1.0943e-09	2	1711	1066
GAT	A	C	0	1.0943e-09	3	1101	691
GAT	A	C	0	1.0943e-09	4	393	242
GAT	A	C	0	1.0943e-09	5	292	183
GAT	A	C	0	1.0943e-09	6	52	31
GAT	A	C	0	1.0943e-09	7	13	8
GAT	A	C	0	1.0943e-09	9	7	6
GAT	A	C	0	1.0943e-09	NA	13826	9006
GAT	A	G	0	5.3443e-09	0	40240	22961
GAT	A	G	0	5.3443e-09	1	17706	10104
GAT	A	G	0	5.3443e-09	2	10212	5788
GAT	A	G	0	5.3443e-09	3	6201	3501
GAT	A	G	0	5.3443e-09	4	2555	1522
GAT	A	G	0	5.3443e-09	5	246	137
GAT	A	G	0	5.3443e-09	6	128	77
GAT	A	G	0	5.3443e-09	7	57	32
GAT	A	G	0	5.3443e-09	9	13	8
GAT	A	G	0	5.3443e-09	NA	52133	31356
GAT	A	T	0	2.9242e-09	0	16460	10004
GAT	A	T	0	2.9242e-09	1	7701	4687
GAT	A	T	0	2.9242e-09	2	4829	2917
GAT	A	T	0	2.9242e-09	3	2678	1622
GAT	A	T	0	2.9242e-09	4	1769	1105
GAT	A	T	0	2.9242e-09	5	105	65
GAT	A	T	0	2.9242e-09	6	48	27
GAT	A	T	0	2.9242e-09	7	26	23
GAT	A	T	0	2.9242e-09	9	8	5
GAT	A	T	0	2.9242e-09	NA	30347	19387
GCA	C	A	0	3.3394e-09	0	32094	18571
GCA	C	A	0	3.3394e-09	1	11986	6900
GCA	C	A	0	3.3394e-09	2	5247	3034
GCA	C	A	0	3.3394e-09	3	2978	1698
GCA	C	A	0	3.3394e-09	4	1776	1022
GCA	C	A	0	3.3394e-09	5	1297	804
GCA	C	A	0	3.3394e-09	6	124	70
GCA	C	A	0	3.3394e-09	7	62	35
GCA	C	A	0	3.3394e-09	9	14	7
GCA	C	A	0	3.3394e-09	NA	32845	20047
GCA	C	G	0	1.6675e-09	0	22508	13634
GCA	C	G	0	1.6675e-09	1	9222	5609
GCA	C	G	0	1.6675e-09	2	4065	2455
GCA	C	G	0	1.6675e-09	3	2282	1387
GCA	C	G	0	1.6675e-09	4	898	551
GCA	C	G	0	1.6675e-09	5	589	416
GCA	C	G	0	1.6675e-09	6	253	177
GCA	C	G	0	1.6675e-09	7	39	25
GCA	C	G	0	1.6675e-09	9	16	11
GCA	C	G	0	1.6675e-09	NA	24384	15334
GCA	C	T	0	6.8845e-09	0	77424	42934
GCA	C	T	0	6.8845e-09	1	43263	24019
GCA	C	T	0	6.8845e-09	2	23320	13087
GCA	C	T	0	6.8845e-09	3	9739	5476
GCA	C	T	0	6.8845e-09	4	5973	3321
GCA	C	T	0	6.8845e-09	5	1089	658
GCA	C	T	0	6.8845e-09	6	190	97
GCA	C	T	0	6.8845e-09	7	96	52
GCA	C	T	0	6.8845e-09	9	31	15
GCA	C	T	0	6.8845e-09	NA	68597	40814
GCC	C	A	0	3.7538e-09	0	37807	21883
GCC	C	A	0	3.7538e-09	1	15618	8995
GCC	C	A	0	3.7538e-09	2	7075	4016
GCC	C	A	0	3.7538e-09	3	3710	2091
GCC	C	A	0	3.7538e-09	4	2758	1583
GCC	C	A	0	3.7538e-09	5	440	269
GCC	C	A	0	3.7538e-09	6	171	100
GCC	C	A	0	3.7538e-09	7	63	40
GCC	C	A	0	3.7538e-09	9	15	8
GCC	C	A	0	3.7538e-09	NA	49473	29650
GCC	C	G	0	2.2808e-09	0	24241	14349
GCC	C	G	0	2.2808e-09	1	11505	6833
GCC	C	G	0	2.2808e-09	2	5461	3160
GCC	C	G	0	2.2808e-09	3	2621	1593
GCC	C	G	0	2.2808e-09	4	1441	855
GCC	C	G	0	2.2808e-09	5	143	94
GCC	C	G	0	2.2808e-09	6	104	65
GCC	C	G	0	2.2808e-09	7	40	21
GCC	C	G	0	2.2808e-09	9	8	5
GCC	C	G	0	2.2808e-09	NA	35200	21431
GCC	C	T	0	8.6359e-09	0	97219	52095
GCC	C	T	0	8.6359e-09	1	40399	21613
GCC	C	T	0	8.6359e-09	2	21737	11468
GCC	C	T	0	8.6359e-09	3	10611	5639
GCC	C	T	0	8.6359e-09	4	3568	1905
GCC	C	T	0	8.6359e-09	5	402	236
GCC	C	T	0	8.6359e-09	6	458	251
GCC	C	T	0	8.6359e-09	7	194	100
GCC	C	T	0	8.6359e-09	9	57	33
GCC	C	T	0	8.6359e-09	NA	102313	57408
GCG	C	A	0	8.8520e-09	0	30412	16141
GCG	C	A	0	8.8520e-09	1	10895	5697
GCG	C	A	0	8.8520e-09	2	4254	2218
GCG	C	A	0	8.8520e-09	3	2530	1276
GCG	C	A	0	8.8520e-09	4	1439	762
GCG	C	A	0	8.8520e-09	5	262	150
GCG	C	A	0	8.8520e-09	6	93	46
GCG	C	A	0	8.8520e-09	7	55	33
GCG	C	A	0	8.8520e-09	9	12	7
GCG	C	A	0	8.8520e-09	NA	31907	18009
GCG	C	G	0	3.9695e-09	0	9984	5777
GCG	C	G	0	3.9695e-09	1	6200	3631
GCG	C	G	0	3.9695e-09	2	4969	2899
GCG	C	G	0	3.9695e-09	3	2280	1332
GCG	C	G	0	3.9695e-09	4	732	450
GCG	C	G	0	3.9695e-09	5	146	91
GCG	C	G	0	3.9695e-09	6	28	19
GCG	C	G	0	3.9695e-09	7	7	3
GCG	C	G	0	3.9695e-09	9	3	3
GCG	C	G	0	3.9695e-09	NA	17936	11184
GCG	C	T	0	1.4846e-08	0	9063	4086
GCG	C	T	0	1.4846e-08	1	3296	1423
GCG	C	T	0	1.4846e-08	2	1517	656
GCG	C	T	0	1.4846e-08	3	574	257
GCG	C	T	0	1.4846e-08	4	223	85
GCG	C	T	0	1.4846e-08	5	50	21
GCG	C	T	0	1.4846e-08	6	33	16
GCG	C	T	0	1.4846e-08	7	17	11
GCG	C	T	0	1.4846e-08	9	1	0
GCG	C	T	0	1.4846e-08	NA	9514	4303
GCG	C	T	1	7.0178e-08	0	5317	1674
GCG	C	T	1	7.0178e-08	1	2094	484
GCG	C	T	1	7.0178e-08	2	883	215
GCG	C	T	1	7.0178e-08	3	261	63
GCG	C	T	1	7.0178e-08	4	148	39
GCG	C	T	1	7.0178e-08	5	31	11
GCG	C	T	1	7.0178e-08	6	18	7
GCG	C	T	1	7.0178e-08	7	16	9
GCG	C	T	1	7.0178e-08	9	5	1
GCG	C	T	1	7.0178e-08	NA	4776	1534
GCG	C	T	2	1.2296e-07	0	110516	14557
GCG	C	T	2	1.2296e-07	1	57134	6881
GCG	C	T	2	1.2296e-07	2	23460	2777
GCG	C	T	2	1.2296e-07	3	7797	971
GCG	C	T	2	1.2296e-07	4	3595	466
GCG	C	T	2	1.2296e-07	5	888	147
GCG	C	T	2	1.2296e-07	6	294	45
GCG	C	T	2	1.2296e-07	7	143	28
GCG	C	T	2	1.2296e-07	9	38	6
GCG	C	T	2	1.2296e-07	NA	139542	25051
GCT	C	A	0	2.0008e-09	0	18763	11289
GCT	C	A	0	2.0008e-09	1	6858	4073
GCT	C	A	0	2.0008e-09	2	3382	1984
GCT	C	A	0	2.0008e-09	3	1956	1163
GCT	C	A	0	2.0008e-09	4	488	283
GCT	C	A	0	2.0008e-09	5	882	586
GCT	C	A	0	2.0008e-09	6	134	78
GCT	C	A	0	2.0008e-09	7	41	28
GCT	C	A	0	2.0008e-09	9	16	9
GCT	C	A	0	2.0008e-09	NA	31282	19435
GCT	C	G	0	2.3044e-09	0	21903	13312
GCT	C	G	0	2.3044e-09	1	10284	6314
GCT	C	G	0	2.3044e-09	2	5762	3544
GCT	C	G	0	2.3044e-09	3	3345	2087
GCT	C	G	0	2.3044e-09	4	2206	1406
GCT	C	G	0	2.3044e-09	5	952	649
GCT	C	G	0	2.3044e-09	6	136	75
GCT	C	G	0	2.3044e-09	7	37	22
GCT	C	G	0	2.3044e-09	9	3	2
GCT	C	G	0	2.3044e-09	NA	42522	26277
GCT	C	T	0	7.7891e-09	0	103705	56915
GCT	C	T	0	7.7891e-09	1	46180	25478
GCT	C	T	0	7.7891e-09	2	20276	11147
GCT	C	T	0	7.7891e-09	3	8843	4855
GCT	C	T	0	7.7891e-09	4	3247	1827
GCT	C	T	0	7.7891e-09	5	2826	1779
GCT	C	T	0	7.7891e-09	6	507	285
GCT	C	T	0	7.7891e-09	7	170	83
GCT	C	T	0	7.7891e-09	9	56	34
GCT	C	T	0	7.7891e-09	NA	72624	41446
TAA	A	C	0	1.3516e-09	0	8797	5345
TAA	A	C	0	1.3516e-09	1	7234	4421
TAA	A	C	0	1.3516e-09	2	5068	3094
TAA	A	C	0	1.3516e-09	3	2902	1815
TAA	A	C	0	1.3516e-09	4	839	535
TAA	A	C	0	1.3516e-09	5	1291	862
TAA	A	C	0	1.3516e-09	6	199	146
TAA	A	C	0	1.3516e-09	9	1	1
TAA	A	C	0	1.3516e-09	NA	8158	5341
TAA	A	G	0	4.1342e-09	0	32018	17972
TAA	A	G	0	4.1342e-09	1	25079	14379
TAA	A	G	0	4.1342e-09	2	17225	9897
TAA	A	G	0	4.1342e-09	3	9010	5120
TAA	A	G	0	4.1342e-09	4	5164	2973
TAA	A	G	0	4.1342e-09	5	845	495
TAA	A	G	0	4.1342e-09	6	13	5
TAA	A	G	0	4.1342e-09	7	3	2
TAA	A	G	0	4.1342e-09	9	2	2
TAA	A	G	0	4.1342e-09	NA	23011	13650
TAA	A	T	0	1.8172e-09	0	12405	7059
TAA	A	T	0	1.8172e-09	1	3567	1973
TAA	A	T	0	1.8172e-09	2	3094	1720
TAA	A	T	0	1.8172e-09	3	2164	1182
TAA	A	T	0	1.8172e-09	4	1043	618
TAA	A	T	0	1.8172e-09	5	996	685
TAA	A	T	0	1.8172e-09	6	121	82
TAA	A	T	0	1.8172e-09	7	23	14
TAA	A	T	0	1.8172e-09	NA	4905	3136
TAC	A	C	0	1.0244e-09	0	5854	3448
TAC	A	C	0	1.0244e-09	1	2934	1769
TAC	A	C	0	1.0244e-09	2	2044	1229
TAC	A	C	0	1.0244e-09	3	1074	670
TAC	A	C	0	1.0244e-09	4	616	361
TAC	A	C	0	1.0244e-09	5	885	571
TAC	A	C	0	1.0244e-09	6	1053	765
TAC	A	C	0	1.0244e-09	7	4	1
TAC	A	C	0	1.0244e-09	NA	7380	4762
TAC	A	G	0	6.1812e-09	0	34357	18756
TAC	A	G	0	6.1812e-09	1	18821	10366
TAC	A	G	0	6.1812e-09	2	9129	4992
TAC	A	G	0	6.1812e-09	3	4933	2813
TAC	A	G	0	6.1812e-09	4	5539	3473
TAC	A	G	0	6.1812e-09	5	2109	1388
TAC	A	G	0	6.1812e-09	6	47	22
TAC	A	G	0	6.1812e-09	7	19	7
TAC	A	G	0	6.1812e-09	9	4	2
TAC	A	G	0	6.1812e-09	NA	37481	21734
TAC	A	T	0	1.1486e-09	0	6905	4255
TAC	A	T	0	1.1486e-09	1	2426	1487
TAC	A	T	0	1.1486e-09	2	1477	941
TAC	A	T	0	1.1486e-09	3	909	509
TAC	A	T	0	1.1486e-09	4	800	488
TAC	A	T	0	1.1486e-09	5	756	516
TAC	A	T	0	1.1486e-09	6	893	649
TAC	A	T	0	1.1486e-09	7	7	3
TAC	A	T	0	1.1486e-09	9	4	4
TAC	A	T	0	1.1486e-09	NA	7989	5106
TAG	A	C	0	1.0799e-09	0	4424	2740
TAG	A	C	0	1.0799e-09	1	4171	2602
TAG	A	C	0	1.0799e-09	2	3482	2217
TAG	A	C	0	1.0799e-09	3	1662	1059
TAG	A	C	0	1.0799e-09	4	863	562
TAG	A	C	0	1.0799e-09	5	1037	730
TAG	A	C	0	1.0799e-09	6	15	13
TAG	A	C	0	1.0799e-09	7	1	1
TAG	A	C	0	1.0799e-09	NA	4220	2744
TAG	A	G	0	5.1781e-09	0	28082	15931
TAG	A	G	0	5.1781e-09	1	17229	9756
TAG	A	G	0	5.1781e-09	2	11712	6578
TAG	A	G	0	5.1781e-09	3	5573	3223
TAG	A	G	0	5.1781e-09	4	3206	1905
TAG	A	G	0	5.1781e-09	5	3614	2389
TAG	A	G	0	5.1781e-09	6	66	44
TAG	A	G	0	5.1781e-09	7	22	12
TAG	A	G	0	5.1781e-09	9	7	2
TAG	A	G	0	5.1781e-09	NA	22732	13837
TAG	A	T	0	1.0818e-09	0	6868	4261
TAG	A	T	0	1.0818e-09	1	2835	1767
TAG	A	T	0	1.0818e-09	2	1518	891
TAG	A	T	0	1.0818e-09	3	798	500
TAG	A	T	0	1.0818e-09	4	703	470
TAG	A	T	0	1.0818e-09	5	1034	660
TAG	A	T	0	1.0818e-09	6	47	31
TAG	A	T	0	1.0818e-09	7	3	1
TAG	A	T	0	1.0818e-09	9	1	0
TAG	A	T	0	1.0818e-09	NA	4378	2897
TAT	A	C	0	1.1890e-09	0	7353	4429
TAT	A	C	0	1.1890e-09	1	4349	2682
TAT	A	C	0	1.1890e-09	2	2744	1683
TAT	A	C	0	1.1890e-09	3	2022	1198
TAT	A	C	0	1.1890e-09	4	876	538
TAT	A	C	0	1.1890e-09	5	368	252
TAT	A	C	0	1.1890e-09	6	68	48
TAT	A	C	0	1.1890e-09	7	6	3
TAT	A	C	0	1.1890e-09	NA	9628	6034
TAT	A	G	0	1.1196e-08	0	90789	43283
TAT	A	G	0	1.1196e-08	1	43627	20972
TAT	A	G	0	1.1196e-08	2	21826	10426
TAT	A	G	0	1.1196e-08	3	8457	4062
TAT	A	G	0	1.1196e-08	4	5054	2518
TAT	A	G	0	1.1196e-08	5	2390	1357
TAT	A	G	0	1.1196e-08	6	116	62
TAT	A	G	0	1.1196e-08	7	62	28
TAT	A	G	0	1.1196e-08	9	15	4
TAT	A	G	0	1.1196e-08	NA	68090	33501
TAT	A	T	0	1.8687e-09	0	14471	8658
TAT	A	T	0	1.8687e-09	1	4172	2430
TAT	A	T	0	1.8687e-09	2	2952	1717
TAT	A	T	0	1.8687e-09	3	2101	1197
TAT	A	T	0	1.8687e-09	4	1488	887
TAT	A	T	0	1.8687e-09	5	437	283
TAT	A	T	0	1.8687e-09	6	67	46
TAT	A	T	0	1.8687e-09	7	31	20
TAT	A	T	0	1.8687e-09	9	12	4
TAT	A	T	0	1.8687e-09	NA	12881	8131
TCA	C	A	0	2.3099e-09	0	14863	8804
TCA	C	A	0	2.3099e-09	1	11943	6989
TCA	C	A	0	2.3099e-09	2	8677	5189
TCA	C	A	0	2.3099e-09	3	4016	2445
TCA	C	A	0	2.3099e-09	4	1181	721
TCA	C	A	0	2.3099e-09	5	1517	1019
TCA	C	A	0	2.3099e-09	6	29	22
TCA	C	A	0	2.3099e-09	7	6	4
TCA	C	A	0	2.3099e-09	9	2	2
TCA	C	A	0	2.3099e-09	NA	17422	11239
TCA	C	G	0	2.1414e-09	0	30287	18317
TCA	C	G	0	2.1414e-09	1	13510	8130
TCA	C	G	0	2.1414e-09	2	6879	4179
TCA	C	G	0	2.1414e-09	3	2504	1568
TCA	C	G	0	2.1414e-09	4	630	397
TCA	C	G	0	2.1414e-09	5	1700	1141
TCA	C	G	0	2.1414e-09	6	352	241
TCA	C	G	0	2.1414e-09	7	57	39
TCA	C	G	0	2.1414e-09	9	8	6
TCA	C	G	0	2.1414e-09	NA	29955	18965
TCA	C	T	0	5.7989e-09	0	59967	33556
TCA	C	T	0	5.7989e-09	1	50256	28253
TCA	C	T	0	5.7989e-09	2	33923	19260
TCA	C	T	0	5.7989e-09	3	15177	8582
TCA	C	T	0	5.7989e-09	4	6029	3348
TCA	C	T	0	5.7989e-09	5	811	486
TCA	C	T	0	5.7989e-09	6	51	26
TCA	C	T	0	5.7989e-09	7	20	10
TCA	C	T	0	5.7989e-09	9	8	4
TCA	C	T	0	5.7989e-09	NA	58909	35594
TCC	C	A	0	2.5995e-09	0	25427	14928
TCC	C	A	0	2.5995e-09	1	13502	7984
TCC	C	A	0	2.5995e-09	2	9204	5622
TCC	C	A	0	2.5995e-09	3	5461	3290
TCC	C	A	0	2.5995e-09	4	3144	1884
TCC	C	A	0	2.5995e-09	5	1236	807
TCC	C	A	0	2.5995e-09	6	72	40
TCC	C	A	0	2.5995e-09	7	31	21
TCC	C	A	0	2.5995e-09	9	7	6
TCC	C	A	0	2.5995e-09	NA	33670	21342
TCC	C	G	0	2.5440e-09	0	34059	20547
TCC	C	G	0	2.5440e-09	1	15640	9449
TCC	C	G	0	2.5440e-09	2	7387	4390
TCC	C	G	0	2.5440e-09	3	4876	2895
TCC	C	G	0	2.5440e-09	4	2920	1783
TCC	C	G	0	2.5440e-09	5	112	71
TCC	C	G	0	2.5440e-09	6	94	57
TCC	C	G	0	2.5440e-09	7	58	29
TCC	C	G	0	2.5440e-09	9	16	13
TCC	C	G	0	2.5440e-09	NA	46582	29259
TCC	C	T	0	7.6664e-09	0	105784	57262
TCC	C	T	0	7.6664e-09	1	49683	27009
TCC	C	T	0	7.6664e-09	2	24058	12992
TCC	C	T	0	7.6664e-09	3	9319	5040
TCC	C	T	0	7.6664e-09	4	3236	1871
TCC	C	T	0	7.6664e-09	5	289	180
TCC	C	T	0	7.6664e-09	6	293	169
TCC	C	T	0	7.6664e-09	7	157	92
TCC	C	T	0	7.6664e-09	9	35	18
TCC	C	T	0	7.6664e-09	NA	95585	55555
TCG	C	A	0	5.1503e-09	0	6886	3951
TCG	C	A	0	5.1503e-09	1	6166	3522
TCG	C	A	0	5.1503e-09	2	6668	3861
TCG	C	A	0	5.1503e-09	3	3210	1941
TCG	C	A	0	5.1503e-09	4	1155	654
TCG	C	A	0	5.1503e-09	5	474	295
TCG	C	A	0	5.1503e-09	6	21	10
TCG	C	A	0	5.1503e-09	7	1	0
TCG	C	A	0	5.1503e-09	NA	14018	8735
TCG	C	G	0	5.5213e-09	0	13452	7596
TCG	C	G	0	5.5213e-09	1	6189	3519
TCG	C	G	0	5.5213e-09	2	3173	1828
TCG	C	G	0	5.5213e-09	3	1261	720
TCG	C	G	0	5.5213e-09	4	659	411
TCG	C	G	0	5.5213e-09	5	116	69
TCG	C	G	0	5.5213e-09	6	35	19
TCG	C	G	0	5.5213e-09	7	13	9
TCG	C	G	0	5.5213e-09	9	4	2
TCG	C	G	0	5.5213e-09	NA	24368	14640
TCG	C	T	0	1.9329e-08	0	4390	2014
TCG	C	T	0	1.9329e-08	1	2385	1065
TCG	C	T	0	1.9329e-08	2	1127	493
TCG	C	T	0	1.9329e-08	3	397	177
TCG	C	T	0	1.9329e-08	4	118	55
TCG	C	T	0	1.9329e-08	5	26	14
TCG	C	T	0	1.9329e-08	6	4	2
TCG	C	T	0	1.9329e-08	7	1	1
TCG	C	T	0	1.9329e-08	9	1	1
TCG	C	T	0	1.9329e-08	NA	5697	2782
TCG	C	T	1	7.2389e-08	0	3608	1034
TCG	C	T	1	7.2389e-08	1	2230	499
TCG	C	T	1	7.2389e-08	2	1196	277
TCG	C	T	1	7.2389e-08	3	390	95
TCG	C	T	1	7.2389e-08	4	128	27
TCG	C	T	1	7.2389e-08	5	12	3
TCG	C	T	1	7.2389e-08	6	8	2
TCG	C	T	1	7.2389e-08	7	5	3
TCG	C	T	1	7.2389e-08	9	1	1
TCG	C	T	1	7.2389e-08	NA	4603	1393
TCG	C	T	2	1.0005e-07	0	74540	12189
TCG	C	T	2	1.0005e-07	1	53264	8076
TCG	C	T	2	1.0005e-07	2	29397	4612
TCG	C	T	2	1.0005e-07	3	8942	1432
TCG	C	T	2	1.0005e-07	4	2740	465
TCG	C	T	2	1.0005e-07	5	353	63
TCG	C	T	2	1.0005e-07	6	130	18
TCG	C	T	2	1.0005e-07	7	62	11
TCG	C	T	2	1.0005e-07	9	23	3
TCG	C	T	2	1.0005e-07	NA	128587	29182
TCT	C	A	0	2.6557e-09	0	19493	11427
TCT	C	A	0	2.6557e-09	1	12394	7211
TCT	C	A	0	2.6557e-09	2	9110	5359
TCT	C	A	0	2.6557e-09	3	7289	4233
TCT	C	A	0	2.6557e-09	4	2900	1653
TCT	C	A	0	2.6557e-09	5	1307	869
TCT	C	A	0	2.6557e-09	6	113	71
TCT	C	A	0	2.6557e-09	7	14	8
TCT	C	A	0	2.6557e-09	9	4	1
TCT	C	A	0	2.6557e-09	NA	32055	20026
TCT	C	G	0	3.5919e-09	0	49794	29323
TCT	C	G	0	3.5919e-09	1	20672	12301
TCT	C	G	0	3.5919e-09	2	14164	8288
TCT	C	G	0	3.5919e-09	3	9561	5605
TCT	C	G	0	3.5919e-09	4	2782	1671
TCT	C	G	0	3.5919e-09	5	1815	1211
TCT	C	G	0	3.5919e-09	6	219	142
TCT	C	G	0	3.5919e-09	7	79	52
TCT	C	G	0	3.5919e-09	9	31	18
TCT	C	G	0	3.5919e-09	NA	62386	38116
TCT	C	T	0	5.5597e-09	0	92985	52146
TCT	C	T	0	5.5597e-09	1	53966	30228
TCT	C	T	0	5.5597e-09	2	29166	16235
TCT	C	T	0	5.5597e-09	3	9718	5436
TCT	C	T	0	5.5597e-09	4	2459	1417
TCT	C	T	0	5.5597e-09	5	3025	1986
TCT	C	T	0	5.5597e-09	6	289	153
TCT	C	T	0	5.5597e-09	7	80	44
TCT	C	T	0	5.5597e-09	9	32	13
TCT	C	T	0	5.5597e-09	NA	56873	34000
