context	ref	alt	methylation_level	mu	spliceai_aggregate_bin	variant_count	singleton_count
AAA	A	C	0	1.8303e-09	1	35534	21500
AAA	A	C	0	1.8303e-09	2	11462	6961
AAA	A	C	0	1.8303e-09	3	3953	2441
AAA	A	C	0	1.8303e-09	4	1973	1235
AAA	A	C	0	1.8303e-09	5	804	532
AAA	A	C	0	1.8303e-09	6	95	68
AAA	A	C	0	1.8303e-09	7	5	2
AAA	A	C	0	1.8303e-09	9	1	1
AAA	A	C	0	1.8303e-09	NA	25262	16224
AAA	A	G	0	3.0288e-09	1	78572	45102
AAA	A	G	0	3.0288e-09	2	26547	15014
AAA	A	G	0	3.0288e-09	3	8727	5116
AAA	A	G	0	3.0288e-09	4	3444	1977
AAA	A	G	0	3.0288e-09	5	1565	922
AAA	A	G	0	3.0288e-09	6	488	301
AAA	A	G	0	3.0288e-09	7	259	167
AAA	A	G	0	3.0288e-09	9	115	76
AAA	A	G	0	3.0288e-09	NA	43413	25237
AAA	A	T	0	1.0670e-09	1	18866	11764
AAA	A	T	0	1.0670e-09	2	5470	3352
AAA	A	T	0	1.0670e-09	3	1905	1211
AAA	A	T	0	1.0670e-09	4	1078	695
AAA	A	T	0	1.0670e-09	5	454	330
AAA	A	T	0	1.0670e-09	6	34	27
AAA	A	T	0	1.0670e-09	NA	12779	8278
AAC	A	C	0	1.3911e-09	1	11475	6760
AAC	A	C	0	1.3911e-09	2	4313	2557
AAC	A	C	0	1.3911e-09	3	1621	978
AAC	A	C	0	1.3911e-09	4	1001	593
AAC	A	C	0	1.3911e-09	5	613	372
AAC	A	C	0	1.3911e-09	6	177	129
AAC	A	C	0	1.3911e-09	7	49	39
AAC	A	C	0	1.3911e-09	9	20	16
AAC	A	C	0	1.3911e-09	NA	14686	9161
AAC	A	G	0	5.2457e-09	1	60362	32523
AAC	A	G	0	5.2457e-09	2	19572	10445
AAC	A	G	0	5.2457e-09	3	6542	3502
AAC	A	G	0	5.2457e-09	4	3157	1735
AAC	A	G	0	5.2457e-09	5	1903	1097
AAC	A	G	0	5.2457e-09	6	921	520
AAC	A	G	0	5.2457e-09	7	422	246
AAC	A	G	0	5.2457e-09	9	118	66
AAC	A	G	0	5.2457e-09	NA	50347	26874
AAC	A	T	0	1.3560e-09	1	11239	6852
AAC	A	T	0	1.3560e-09	2	3368	2046
AAC	A	T	0	1.3560e-09	3	1163	717
AAC	A	T	0	1.3560e-09	4	620	387
AAC	A	T	0	1.3560e-09	5	310	199
AAC	A	T	0	1.3560e-09	6	33	24
AAC	A	T	0	1.3560e-09	7	13	12
AAC	A	T	0	1.3560e-09	9	12	8
AAC	A	T	0	1.3560e-09	NA	13188	8394
AAG	A	C	0	1.4983e-09	1	27023	16591
AAG	A	C	0	1.4983e-09	2	9109	5690
AAG	A	C	0	1.4983e-09	3	3645	2296
AAG	A	C	0	1.4983e-09	4	2148	1374
AAG	A	C	0	1.4983e-09	5	1164	771
AAG	A	C	0	1.4983e-09	6	146	105
AAG	A	C	0	1.4983e-09	7	78	50
AAG	A	C	0	1.4983e-09	9	20	13
AAG	A	C	0	1.4983e-09	NA	25041	16115
AAG	A	G	0	3.9291e-09	1	78447	45173
AAG	A	G	0	3.9291e-09	2	27108	15677
AAG	A	G	0	3.9291e-09	3	10237	6044
AAG	A	G	0	3.9291e-09	4	5287	3118
AAG	A	G	0	3.9291e-09	5	3692	2257
AAG	A	G	0	3.9291e-09	6	1237	802
AAG	A	G	0	3.9291e-09	7	255	177
AAG	A	G	0	3.9291e-09	9	150	108
AAG	A	G	0	3.9291e-09	NA	51859	30602
AAG	A	T	0	9.4450e-10	1	14672	9058
AAG	A	T	0	9.4450e-10	2	4434	2759
AAG	A	T	0	9.4450e-10	3	1539	972
AAG	A	T	0	9.4450e-10	4	930	607
AAG	A	T	0	9.4450e-10	5	625	418
AAG	A	T	0	9.4450e-10	6	102	64
AAG	A	T	0	9.4450e-10	7	38	30
AAG	A	T	0	9.4450e-10	9	17	12
AAG	A	T	0	9.4450e-10	NA	14456	9260
AAT	A	C	0	1.2703e-09	1	14421	8920
AAT	A	C	0	1.2703e-09	2	4769	2930
AAT	A	C	0	1.2703e-09	3	1681	1033
AAT	A	C	0	1.2703e-09	4	902	565
AAT	A	C	0	1.2703e-09	5	690	434
AAT	A	C	0	1.2703e-09	6	499	353
AAT	A	C	0	1.2703e-09	7	137	89
AAT	A	C	0	1.2703e-09	9	24	17
AAT	A	C	0	1.2703e-09	NA	15104	9718
AAT	A	G	0	7.7544e-09	1	107205	52412
AAT	A	G	0	7.7544e-09	2	34677	16704
AAT	A	G	0	7.7544e-09	3	11327	5513
AAT	A	G	0	7.7544e-09	4	5478	2738
AAT	A	G	0	7.7544e-09	5	3551	1770
AAT	A	G	0	7.7544e-09	6	1715	849
AAT	A	G	0	7.7544e-09	7	692	326
AAT	A	G	0	7.7544e-09	9	229	113
AAT	A	G	0	7.7544e-09	NA	82271	37989
AAT	A	T	0	1.5138e-09	1	16482	9767
AAT	A	T	0	1.5138e-09	2	3963	2386
AAT	A	T	0	1.5138e-09	3	1199	745
AAT	A	T	0	1.5138e-09	4	602	387
AAT	A	T	0	1.5138e-09	5	171	98
AAT	A	T	0	1.5138e-09	6	6	5
AAT	A	T	0	1.5138e-09	NA	14059	8982
ACA	C	A	0	2.9409e-09	1	39050	22419
ACA	C	A	0	2.9409e-09	2	8735	4996
ACA	C	A	0	2.9409e-09	3	2866	1668
ACA	C	A	0	2.9409e-09	4	1229	743
ACA	C	A	0	2.9409e-09	5	750	449
ACA	C	A	0	2.9409e-09	6	287	188
ACA	C	A	0	2.9409e-09	7	183	128
ACA	C	A	0	2.9409e-09	9	76	55
ACA	C	A	0	2.9409e-09	NA	32211	19998
ACA	C	G	0	2.3710e-09	1	36826	22016
ACA	C	G	0	2.3710e-09	2	10560	6273
ACA	C	G	0	2.3710e-09	3	3321	1991
ACA	C	G	0	2.3710e-09	4	1335	805
ACA	C	G	0	2.3710e-09	5	575	347
ACA	C	G	0	2.3710e-09	6	618	421
ACA	C	G	0	2.3710e-09	7	510	375
ACA	C	G	0	2.3710e-09	9	133	93
ACA	C	G	0	2.3710e-09	NA	35368	21975
ACA	C	T	0	9.3201e-09	1	158133	85426
ACA	C	T	0	9.3201e-09	2	44833	24249
ACA	C	T	0	9.3201e-09	3	14404	7790
ACA	C	T	0	9.3201e-09	4	5789	3229
ACA	C	T	0	9.3201e-09	5	2203	1339
ACA	C	T	0	9.3201e-09	6	795	517
ACA	C	T	0	9.3201e-09	7	483	324
ACA	C	T	0	9.3201e-09	9	138	95
ACA	C	T	0	9.3201e-09	NA	84963	48685
ACC	C	A	0	5.7034e-09	1	44539	24921
ACC	C	A	0	5.7034e-09	2	12421	6943
ACC	C	A	0	5.7034e-09	3	4148	2414
ACC	C	A	0	5.7034e-09	4	1985	1166
ACC	C	A	0	5.7034e-09	5	1714	1046
ACC	C	A	0	5.7034e-09	6	1894	1242
ACC	C	A	0	5.7034e-09	7	2211	1515
ACC	C	A	0	5.7034e-09	9	1789	1250
ACC	C	A	0	5.7034e-09	NA	53054	31498
ACC	C	G	0	2.4639e-09	1	22418	13612
ACC	C	G	0	2.4639e-09	2	7276	4506
ACC	C	G	0	2.4639e-09	3	2696	1659
ACC	C	G	0	2.4639e-09	4	1432	872
ACC	C	G	0	2.4639e-09	5	1094	706
ACC	C	G	0	2.4639e-09	6	1310	905
ACC	C	G	0	2.4639e-09	7	1355	955
ACC	C	G	0	2.4639e-09	9	1018	762
ACC	C	G	0	2.4639e-09	NA	33751	20961
ACC	C	T	0	9.9720e-09	1	117005	62177
ACC	C	T	0	9.9720e-09	2	31959	17111
ACC	C	T	0	9.9720e-09	3	9818	5346
ACC	C	T	0	9.9720e-09	4	3968	2164
ACC	C	T	0	9.9720e-09	5	1994	1174
ACC	C	T	0	9.9720e-09	6	4105	2625
ACC	C	T	0	9.9720e-09	7	5277	3522
ACC	C	T	0	9.9720e-09	9	2643	1818
ACC	C	T	0	9.9720e-09	NA	81626	45899
ACG	C	A	0	6.6879e-09	1	19282	10762
ACG	C	A	0	6.6879e-09	2	5215	2954
ACG	C	A	0	6.6879e-09	3	1872	1069
ACG	C	A	0	6.6879e-09	4	920	544
ACG	C	A	0	6.6879e-09	5	520	308
ACG	C	A	0	6.6879e-09	6	236	146
ACG	C	A	0	6.6879e-09	7	165	101
ACG	C	A	0	6.6879e-09	9	90	61
ACG	C	A	0	6.6879e-09	NA	24296	14398
ACG	C	G	0	4.9426e-09	1	14606	8248
ACG	C	G	0	4.9426e-09	2	4261	2432
ACG	C	G	0	4.9426e-09	3	1578	939
ACG	C	G	0	4.9426e-09	4	887	530
ACG	C	G	0	4.9426e-09	5	533	323
ACG	C	G	0	4.9426e-09	6	344	214
ACG	C	G	0	4.9426e-09	7	234	157
ACG	C	G	0	4.9426e-09	9	82	59
ACG	C	G	0	4.9426e-09	NA	22552	13700
ACG	C	T	0	2.6612e-08	1	7022	2975
ACG	C	T	0	2.6612e-08	2	1607	626
ACG	C	T	0	2.6612e-08	3	393	160
ACG	C	T	0	2.6612e-08	4	116	47
ACG	C	T	0	2.6612e-08	5	20	12
ACG	C	T	0	2.6612e-08	6	28	15
ACG	C	T	0	2.6612e-08	7	12	8
ACG	C	T	0	2.6612e-08	9	1	1
ACG	C	T	0	2.6612e-08	NA	4609	2079
ACG	C	T	1	1.0750e-07	1	8669	1720
ACG	C	T	1	1.0750e-07	2	2333	392
ACG	C	T	1	1.0750e-07	3	756	122
ACG	C	T	1	1.0750e-07	4	261	46
ACG	C	T	1	1.0750e-07	5	45	9
ACG	C	T	1	1.0750e-07	6	49	12
ACG	C	T	1	1.0750e-07	7	42	16
ACG	C	T	1	1.0750e-07	9	9	3
ACG	C	T	1	1.0750e-07	NA	6049	1272
ACG	C	T	2	1.4169e-07	1	152709	14415
ACG	C	T	2	1.4169e-07	2	39114	3605
ACG	C	T	2	1.4169e-07	3	13343	1378
ACG	C	T	2	1.4169e-07	4	4625	511
ACG	C	T	2	1.4169e-07	5	1120	202
ACG	C	T	2	1.4169e-07	6	1163	286
ACG	C	T	2	1.4169e-07	7	976	330
ACG	C	T	2	1.4169e-07	9	207	79
ACG	C	T	2	1.4169e-07	NA	126495	18135
ACT	C	A	0	2.0967e-09	1	19373	11533
ACT	C	A	0	2.0967e-09	2	4537	2740
ACT	C	A	0	2.0967e-09	3	1550	930
ACT	C	A	0	2.0967e-09	4	599	386
ACT	C	A	0	2.0967e-09	5	457	306
ACT	C	A	0	2.0967e-09	6	625	438
ACT	C	A	0	2.0967e-09	7	430	317
ACT	C	A	0	2.0967e-09	9	192	131
ACT	C	A	0	2.0967e-09	NA	25358	15803
ACT	C	G	0	3.0337e-09	1	27752	16643
ACT	C	G	0	3.0337e-09	2	8843	5298
ACT	C	G	0	3.0337e-09	3	3313	2019
ACT	C	G	0	3.0337e-09	4	1944	1221
ACT	C	G	0	3.0337e-09	5	1604	1025
ACT	C	G	0	3.0337e-09	6	1596	1121
ACT	C	G	0	3.0337e-09	7	836	603
ACT	C	G	0	3.0337e-09	9	237	169
ACT	C	G	0	3.0337e-09	NA	41091	25487
ACT	C	T	0	7.9566e-09	1	114805	63001
ACT	C	T	0	7.9566e-09	2	28233	15433
ACT	C	T	0	7.9566e-09	3	9130	5091
ACT	C	T	0	7.9566e-09	4	3604	2073
ACT	C	T	0	7.9566e-09	5	2228	1360
ACT	C	T	0	7.9566e-09	6	2957	1987
ACT	C	T	0	7.9566e-09	7	1379	962
ACT	C	T	0	7.9566e-09	9	439	311
ACT	C	T	0	7.9566e-09	NA	58718	33600
CAA	A	C	0	1.9615e-09	1	26591	16055
CAA	A	C	0	1.9615e-09	2	8570	5177
CAA	A	C	0	1.9615e-09	3	2944	1827
CAA	A	C	0	1.9615e-09	4	1399	844
CAA	A	C	0	1.9615e-09	5	711	436
CAA	A	C	0	1.9615e-09	6	54	42
CAA	A	C	0	1.9615e-09	NA	23953	15236
CAA	A	G	0	3.8238e-09	1	63704	36544
CAA	A	G	0	3.8238e-09	2	19650	11129
CAA	A	G	0	3.8238e-09	3	6801	3849
CAA	A	G	0	3.8238e-09	4	2739	1564
CAA	A	G	0	3.8238e-09	5	587	348
CAA	A	G	0	3.8238e-09	6	8	4
CAA	A	G	0	3.8238e-09	NA	41403	25276
CAA	A	T	0	9.1862e-10	1	11222	7037
CAA	A	T	0	9.1862e-10	2	3724	2349
CAA	A	T	0	9.1862e-10	3	1449	907
CAA	A	T	0	9.1862e-10	4	867	557
CAA	A	T	0	9.1862e-10	5	631	425
CAA	A	T	0	9.1862e-10	6	427	301
CAA	A	T	0	9.1862e-10	7	147	97
CAA	A	T	0	9.1862e-10	9	55	37
CAA	A	T	0	9.1862e-10	NA	8073	5393
CAC	A	C	0	1.8485e-09	1	26811	15648
CAC	A	C	0	1.8485e-09	2	7601	4510
CAC	A	C	0	1.8485e-09	3	2913	1742
CAC	A	C	0	1.8485e-09	4	1587	977
CAC	A	C	0	1.8485e-09	5	821	525
CAC	A	C	0	1.8485e-09	6	421	300
CAC	A	C	0	1.8485e-09	7	451	305
CAC	A	C	0	1.8485e-09	9	242	181
CAC	A	C	0	1.8485e-09	NA	23134	14711
CAC	A	G	0	5.0796e-09	1	78544	44348
CAC	A	G	0	5.0796e-09	2	23695	13389
CAC	A	G	0	5.0796e-09	3	7586	4276
CAC	A	G	0	5.0796e-09	4	2905	1688
CAC	A	G	0	5.0796e-09	5	1371	873
CAC	A	G	0	5.0796e-09	6	1176	789
CAC	A	G	0	5.0796e-09	7	444	319
CAC	A	G	0	5.0796e-09	9	5	5
CAC	A	G	0	5.0796e-09	NA	59590	35293
CAC	A	T	0	1.4118e-09	1	17540	10625
CAC	A	T	0	1.4118e-09	2	5169	3161
CAC	A	T	0	1.4118e-09	3	1726	1072
CAC	A	T	0	1.4118e-09	4	850	545
CAC	A	T	0	1.4118e-09	5	621	439
CAC	A	T	0	1.4118e-09	6	330	230
CAC	A	T	0	1.4118e-09	7	261	195
CAC	A	T	0	1.4118e-09	9	169	130
CAC	A	T	0	1.4118e-09	NA	16669	10787
CAG	A	C	0	1.6210e-09	1	42806	26293
CAG	A	C	0	1.6210e-09	2	12747	7840
CAG	A	C	0	1.6210e-09	3	4134	2545
CAG	A	C	0	1.6210e-09	4	2050	1312
CAG	A	C	0	1.6210e-09	5	1240	829
CAG	A	C	0	1.6210e-09	6	716	518
CAG	A	C	0	1.6210e-09	7	968	697
CAG	A	C	0	1.6210e-09	9	448	316
CAG	A	C	0	1.6210e-09	NA	26473	17209
CAG	A	G	0	5.2348e-09	1	130882	73608
CAG	A	G	0	5.2348e-09	2	37703	21282
CAG	A	G	0	5.2348e-09	3	11719	6642
CAG	A	G	0	5.2348e-09	4	4722	2757
CAG	A	G	0	5.2348e-09	5	2840	1701
CAG	A	G	0	5.2348e-09	6	2420	1582
CAG	A	G	0	5.2348e-09	7	3252	2214
CAG	A	G	0	5.2348e-09	9	1318	912
CAG	A	G	0	5.2348e-09	NA	91346	54307
CAG	A	T	0	1.1632e-09	1	25293	15654
CAG	A	T	0	1.1632e-09	2	7994	4940
CAG	A	T	0	1.1632e-09	3	2526	1599
CAG	A	T	0	1.1632e-09	4	1188	768
CAG	A	T	0	1.1632e-09	5	1274	857
CAG	A	T	0	1.1632e-09	6	937	661
CAG	A	T	0	1.1632e-09	7	795	554
CAG	A	T	0	1.1632e-09	9	425	307
CAG	A	T	0	1.1632e-09	NA	19977	12890
CAT	A	C	0	2.0022e-09	1	24163	14806
CAT	A	C	0	2.0022e-09	2	7785	4754
CAT	A	C	0	2.0022e-09	3	2961	1819
CAT	A	C	0	2.0022e-09	4	1597	985
CAT	A	C	0	2.0022e-09	5	938	611
CAT	A	C	0	2.0022e-09	6	371	256
CAT	A	C	0	2.0022e-09	7	120	84
CAT	A	C	0	2.0022e-09	9	40	29
CAT	A	C	0	2.0022e-09	NA	28944	18528
CAT	A	G	0	1.1275e-08	1	175895	88299
CAT	A	G	0	1.1275e-08	2	48935	24675
CAT	A	G	0	1.1275e-08	3	14396	7236
CAT	A	G	0	1.1275e-08	4	4551	2251
CAT	A	G	0	1.1275e-08	5	1153	620
CAT	A	G	0	1.1275e-08	6	232	114
CAT	A	G	0	1.1275e-08	7	27	8
CAT	A	G	0	1.1275e-08	9	10	7
CAT	A	G	0	1.1275e-08	NA	119988	63206
CAT	A	T	0	2.3466e-09	1	27403	16782
CAT	A	T	0	2.3466e-09	2	7988	4984
CAT	A	T	0	2.3466e-09	3	2628	1628
CAT	A	T	0	2.3466e-09	4	1236	776
CAT	A	T	0	2.3466e-09	5	736	481
CAT	A	T	0	2.3466e-09	6	265	179
CAT	A	T	0	2.3466e-09	7	47	30
CAT	A	T	0	2.3466e-09	9	9	6
CAT	A	T	0	2.3466e-09	NA	30171	19421
CCA	C	A	0	2.1462e-09	1	37533	21181
CCA	C	A	0	2.1462e-09	2	9818	5574
CCA	C	A	0	2.1462e-09	3	2992	1682
CCA	C	A	0	2.1462e-09	4	1345	758
CCA	C	A	0	2.1462e-09	5	806	484
CCA	C	A	0	2.1462e-09	6	116	81
CCA	C	A	0	2.1462e-09	NA	22397	13420
CCA	C	G	0	1.7760e-09	1	41998	24905
CCA	C	G	0	1.7760e-09	2	12546	7415
CCA	C	G	0	1.7760e-09	3	4071	2374
CCA	C	G	0	1.7760e-09	4	1755	1006
CCA	C	G	0	1.7760e-09	5	1098	710
CCA	C	G	0	1.7760e-09	6	362	263
CCA	C	G	0	1.7760e-09	7	1	0
CCA	C	G	0	1.7760e-09	NA	25442	15741
CCA	C	T	0	6.7244e-09	1	134534	75150
CCA	C	T	0	6.7244e-09	2	44071	24770
CCA	C	T	0	6.7244e-09	3	16995	9770
CCA	C	T	0	6.7244e-09	4	9391	5575
CCA	C	T	0	6.7244e-09	5	5424	3242
CCA	C	T	0	6.7244e-09	6	1691	1049
CCA	C	T	0	6.7244e-09	7	428	305
CCA	C	T	0	6.7244e-09	9	176	128
CCA	C	T	0	6.7244e-09	NA	77221	46712
CCC	C	A	0	3.0275e-09	1	45405	25157
CCC	C	A	0	3.0275e-09	2	16136	8973
CCC	C	A	0	3.0275e-09	3	6006	3380
CCC	C	A	0	3.0275e-09	4	2878	1689
CCC	C	A	0	3.0275e-09	5	1384	859
CCC	C	A	0	3.0275e-09	6	292	194
CCC	C	A	0	3.0275e-09	7	46	27
CCC	C	A	0	3.0275e-09	9	11	7
CCC	C	A	0	3.0275e-09	NA	30451	18042
CCC	C	G	0	3.2054e-09	1	54473	31042
CCC	C	G	0	3.2054e-09	2	20292	11427
CCC	C	G	0	3.2054e-09	3	8052	4582
CCC	C	G	0	3.2054e-09	4	4154	2403
CCC	C	G	0	3.2054e-09	5	1461	848
CCC	C	G	0	3.2054e-09	6	130	95
CCC	C	G	0	3.2054e-09	NA	38446	22676
CCC	C	T	0	8.5724e-09	1	153167	82219
CCC	C	T	0	8.5724e-09	2	49933	26920
CCC	C	T	0	8.5724e-09	3	17614	9430
CCC	C	T	0	8.5724e-09	4	7721	4230
CCC	C	T	0	8.5724e-09	5	3323	1962
CCC	C	T	0	8.5724e-09	6	580	363
CCC	C	T	0	8.5724e-09	7	20	8
CCC	C	T	0	8.5724e-09	NA	90278	51582
CCG	C	A	0	5.1901e-09	1	29647	16124
CCG	C	A	0	5.1901e-09	2	9062	4918
CCG	C	A	0	5.1901e-09	3	3054	1702
CCG	C	A	0	5.1901e-09	4	1540	840
CCG	C	A	0	5.1901e-09	5	1041	596
CCG	C	A	0	5.1901e-09	6	539	342
CCG	C	A	0	5.1901e-09	7	153	88
CCG	C	A	0	5.1901e-09	9	50	33
CCG	C	A	0	5.1901e-09	NA	19658	11226
CCG	C	G	0	5.3627e-09	1	39802	21767
CCG	C	G	0	5.3627e-09	2	9980	5401
CCG	C	G	0	5.3627e-09	3	2885	1634
CCG	C	G	0	5.3627e-09	4	1152	642
CCG	C	G	0	5.3627e-09	5	552	344
CCG	C	G	0	5.3627e-09	6	161	104
CCG	C	G	0	5.3627e-09	7	1	0
CCG	C	G	0	5.3627e-09	NA	29551	17439
CCG	C	T	0	2.0993e-08	1	15824	6852
CCG	C	T	0	2.0993e-08	2	3733	1600
CCG	C	T	0	2.0993e-08	3	936	380
CCG	C	T	0	2.0993e-08	4	355	161
CCG	C	T	0	2.0993e-08	5	257	127
CCG	C	T	0	2.0993e-08	6	96	49
CCG	C	T	0	2.0993e-08	7	20	11
CCG	C	T	0	2.0993e-08	9	3	2
CCG	C	T	0	2.0993e-08	NA	11562	5283
CCG	C	T	1	8.2387e-08	1	9670	2373
CCG	C	T	1	8.2387e-08	2	2980	657
CCG	C	T	1	8.2387e-08	3	972	221
CCG	C	T	1	8.2387e-08	4	422	93
CCG	C	T	1	8.2387e-08	5	283	64
CCG	C	T	1	8.2387e-08	6	115	36
CCG	C	T	1	8.2387e-08	7	28	9
CCG	C	T	1	8.2387e-08	9	13	5
CCG	C	T	1	8.2387e-08	NA	7246	1994
CCG	C	T	2	1.2483e-07	1	188103	20553
CCG	C	T	2	1.2483e-07	2	56275	6339
CCG	C	T	2	1.2483e-07	3	19901	2322
CCG	C	T	2	1.2483e-07	4	9142	1230
CCG	C	T	2	1.2483e-07	5	5908	1009
CCG	C	T	2	1.2483e-07	6	2753	573
CCG	C	T	2	1.2483e-07	7	816	208
CCG	C	T	2	1.2483e-07	9	265	77
CCG	C	T	2	1.2483e-07	NA	180016	31254
CCT	C	A	0	1.7092e-09	1	26108	15350
CCT	C	A	0	1.7092e-09	2	7443	4346
CCT	C	A	0	1.7092e-09	3	2477	1517
CCT	C	A	0	1.7092e-09	4	1124	685
CCT	C	A	0	1.7092e-09	5	916	615
CCT	C	A	0	1.7092e-09	6	1237	842
CCT	C	A	0	1.7092e-09	7	642	440
CCT	C	A	0	1.7092e-09	9	333	252
CCT	C	A	0	1.7092e-09	NA	23647	14569
CCT	C	G	0	2.6842e-09	1	52582	31186
CCT	C	G	0	2.6842e-09	2	18113	10792
CCT	C	G	0	2.6842e-09	3	6495	3907
CCT	C	G	0	2.6842e-09	4	3114	1931
CCT	C	G	0	2.6842e-09	5	1981	1281
CCT	C	G	0	2.6842e-09	6	2284	1613
CCT	C	G	0	2.6842e-09	7	1408	999
CCT	C	G	0	2.6842e-09	9	226	163
CCT	C	G	0	2.6842e-09	NA	48311	30195
CCT	C	T	0	8.1422e-09	1	185364	101239
CCT	C	T	0	8.1422e-09	2	50718	27687
CCT	C	T	0	8.1422e-09	3	16655	9174
CCT	C	T	0	8.1422e-09	4	6937	3957
CCT	C	T	0	8.1422e-09	5	5330	3363
CCT	C	T	0	8.1422e-09	6	4426	2938
CCT	C	T	0	8.1422e-09	7	2091	1438
CCT	C	T	0	8.1422e-09	9	1259	927
CCT	C	T	0	8.1422e-09	NA	72786	41530
GAA	A	C	0	1.2103e-09	1	21291	12962
GAA	A	C	0	1.2103e-09	2	6450	3972
GAA	A	C	0	1.2103e-09	3	2366	1446
GAA	A	C	0	1.2103e-09	4	1355	822
GAA	A	C	0	1.2103e-09	5	573	354
GAA	A	C	0	1.2103e-09	6	19	15
GAA	A	C	0	1.2103e-09	NA	22503	14089
GAA	A	G	0	3.0181e-09	1	49434	28708
GAA	A	G	0	3.0181e-09	2	16154	9251
GAA	A	G	0	3.0181e-09	3	5595	3252
GAA	A	G	0	3.0181e-09	4	2164	1320
GAA	A	G	0	3.0181e-09	5	494	303
GAA	A	G	0	3.0181e-09	6	7	3
GAA	A	G	0	3.0181e-09	NA	39515	24423
GAA	A	T	0	9.4166e-10	1	14014	8855
GAA	A	T	0	9.4166e-10	2	4458	2833
GAA	A	T	0	9.4166e-10	3	1767	1094
GAA	A	T	0	9.4166e-10	4	1282	862
GAA	A	T	0	9.4166e-10	5	850	560
GAA	A	T	0	9.4166e-10	6	191	119
GAA	A	T	0	9.4166e-10	7	71	51
GAA	A	T	0	9.4166e-10	9	36	30
GAA	A	T	0	9.4166e-10	NA	13806	8995
GAC	A	C	0	1.0495e-09	1	10475	6395
GAC	A	C	0	1.0495e-09	2	3008	1866
GAC	A	C	0	1.0495e-09	3	1098	660
GAC	A	C	0	1.0495e-09	4	549	365
GAC	A	C	0	1.0495e-09	5	346	229
GAC	A	C	0	1.0495e-09	6	43	30
GAC	A	C	0	1.0495e-09	7	32	25
GAC	A	C	0	1.0495e-09	9	16	11
GAC	A	C	0	1.0495e-09	NA	12620	8071
GAC	A	G	0	4.2353e-09	1	37055	21865
GAC	A	G	0	4.2353e-09	2	10991	6550
GAC	A	G	0	4.2353e-09	3	3828	2289
GAC	A	G	0	4.2353e-09	4	1933	1183
GAC	A	G	0	4.2353e-09	5	733	463
GAC	A	G	0	4.2353e-09	6	118	91
GAC	A	G	0	4.2353e-09	7	32	22
GAC	A	G	0	4.2353e-09	NA	38981	23974
GAC	A	T	0	1.8684e-09	1	14152	8687
GAC	A	T	0	1.8684e-09	2	4507	2847
GAC	A	T	0	1.8684e-09	3	1752	1139
GAC	A	T	0	1.8684e-09	4	1067	688
GAC	A	T	0	1.8684e-09	5	490	327
GAC	A	T	0	1.8684e-09	6	67	53
GAC	A	T	0	1.8684e-09	7	37	25
GAC	A	T	0	1.8684e-09	9	7	6
GAC	A	T	0	1.8684e-09	NA	18059	11491
GAG	A	C	0	1.2532e-09	1	24370	14813
GAG	A	C	0	1.2532e-09	2	7566	4612
GAG	A	C	0	1.2532e-09	3	2578	1593
GAG	A	C	0	1.2532e-09	4	1450	918
GAG	A	C	0	1.2532e-09	5	938	606
GAG	A	C	0	1.2532e-09	6	64	43
GAG	A	C	0	1.2532e-09	7	4	3
GAG	A	C	0	1.2532e-09	NA	19423	12236
GAG	A	G	0	3.1245e-09	1	58268	34594
GAG	A	G	0	3.1245e-09	2	17060	10190
GAG	A	G	0	3.1245e-09	3	6650	4065
GAG	A	G	0	3.1245e-09	4	3379	2020
GAG	A	G	0	3.1245e-09	5	1635	1082
GAG	A	G	0	3.1245e-09	6	452	333
GAG	A	G	0	3.1245e-09	7	5	3
GAG	A	G	0	3.1245e-09	NA	46142	29025
GAG	A	T	0	1.1340e-09	1	19275	11992
GAG	A	T	0	1.1340e-09	2	5736	3581
GAG	A	T	0	1.1340e-09	3	2068	1316
GAG	A	T	0	1.1340e-09	4	1208	792
GAG	A	T	0	1.1340e-09	5	874	568
GAG	A	T	0	1.1340e-09	6	346	235
GAG	A	T	0	1.1340e-09	7	31	23
GAG	A	T	0	1.1340e-09	9	6	2
GAG	A	T	0	1.1340e-09	NA	17536	11325
GAT	A	C	0	1.0943e-09	1	9651	5919
GAT	A	C	0	1.0943e-09	2	2900	1808
GAT	A	C	0	1.0943e-09	3	1019	633
GAT	A	C	0	1.0943e-09	4	520	333
GAT	A	C	0	1.0943e-09	5	276	177
GAT	A	C	0	1.0943e-09	6	152	100
GAT	A	C	0	1.0943e-09	7	64	44
GAT	A	C	0	1.0943e-09	9	15	12
GAT	A	C	0	1.0943e-09	NA	14021	9130
GAT	A	G	0	5.3443e-09	1	48534	27737
GAT	A	G	0	5.3443e-09	2	16155	9094
GAT	A	G	0	5.3443e-09	3	5758	3269
GAT	A	G	0	5.3443e-09	4	3187	1831
GAT	A	G	0	5.3443e-09	5	1847	1086
GAT	A	G	0	5.3443e-09	6	648	391
GAT	A	G	0	5.3443e-09	7	167	106
GAT	A	G	0	5.3443e-09	9	66	41
GAT	A	G	0	5.3443e-09	NA	53129	31931
GAT	A	T	0	2.9242e-09	1	22855	13852
GAT	A	T	0	2.9242e-09	2	6048	3723
GAT	A	T	0	2.9242e-09	3	2300	1399
GAT	A	T	0	2.9242e-09	4	1326	826
GAT	A	T	0	2.9242e-09	5	560	341
GAT	A	T	0	2.9242e-09	6	53	37
GAT	A	T	0	2.9242e-09	7	4	3
GAT	A	T	0	2.9242e-09	NA	30825	19661
GCA	C	A	0	3.3394e-09	1	39113	22512
GCA	C	A	0	3.3394e-09	2	9978	5772
GCA	C	A	0	3.3394e-09	3	3222	1894
GCA	C	A	0	3.3394e-09	4	1518	913
GCA	C	A	0	3.3394e-09	5	827	516
GCA	C	A	0	3.3394e-09	6	200	133
GCA	C	A	0	3.3394e-09	7	2	0
GCA	C	A	0	3.3394e-09	NA	33563	20448
GCA	C	G	0	1.6675e-09	1	27686	16807
GCA	C	G	0	1.6675e-09	2	7701	4673
GCA	C	G	0	1.6675e-09	3	2301	1406
GCA	C	G	0	1.6675e-09	4	871	510
GCA	C	G	0	1.6675e-09	5	423	283
GCA	C	G	0	1.6675e-09	6	347	252
GCA	C	G	0	1.6675e-09	7	22	19
GCA	C	G	0	1.6675e-09	NA	24905	15649
GCA	C	T	0	6.8845e-09	1	101956	56572
GCA	C	T	0	6.8845e-09	2	33749	18649
GCA	C	T	0	6.8845e-09	3	11837	6638
GCA	C	T	0	6.8845e-09	4	6056	3428
GCA	C	T	0	6.8845e-09	5	3830	2191
GCA	C	T	0	6.8845e-09	6	1333	814
GCA	C	T	0	6.8845e-09	7	447	312
GCA	C	T	0	6.8845e-09	9	25	20
GCA	C	T	0	6.8845e-09	NA	70489	41849
GCC	C	A	0	3.7538e-09	1	45780	26214
GCC	C	A	0	3.7538e-09	2	13733	8002
GCC	C	A	0	3.7538e-09	3	4439	2634
GCC	C	A	0	3.7538e-09	4	1763	1003
GCC	C	A	0	3.7538e-09	5	884	534
GCC	C	A	0	3.7538e-09	6	90	56
GCC	C	A	0	3.7538e-09	7	16	14
GCC	C	A	0	3.7538e-09	9	3	2
GCC	C	A	0	3.7538e-09	NA	50422	30176
GCC	C	G	0	2.2808e-09	1	31905	18812
GCC	C	G	0	2.2808e-09	2	8894	5295
GCC	C	G	0	2.2808e-09	3	2742	1640
GCC	C	G	0	2.2808e-09	4	1063	655
GCC	C	G	0	2.2808e-09	5	314	195
GCC	C	G	0	2.2808e-09	6	37	23
GCC	C	G	0	2.2808e-09	7	1	0
GCC	C	G	0	2.2808e-09	9	2	2
GCC	C	G	0	2.2808e-09	NA	35806	21784
GCC	C	T	0	8.6359e-09	1	121234	64491
GCC	C	T	0	8.6359e-09	2	34601	18642
GCC	C	T	0	8.6359e-09	3	10839	5869
GCC	C	T	0	8.6359e-09	4	4330	2351
GCC	C	T	0	8.6359e-09	5	1265	743
GCC	C	T	0	8.6359e-09	6	211	115
GCC	C	T	0	8.6359e-09	7	35	21
GCC	C	T	0	8.6359e-09	9	2	0
GCC	C	T	0	8.6359e-09	NA	104441	58516
GCG	C	A	0	8.8520e-09	1	35457	18582
GCG	C	A	0	8.8520e-09	2	9077	4852
GCG	C	A	0	8.8520e-09	3	2911	1553
GCG	C	A	0	8.8520e-09	4	1203	647
GCG	C	A	0	8.8520e-09	5	560	319
GCG	C	A	0	8.8520e-09	6	64	45
GCG	C	A	0	8.8520e-09	7	2	2
GCG	C	A	0	8.8520e-09	NA	32585	18339
GCG	C	G	0	3.9695e-09	1	16975	9878
GCG	C	G	0	3.9695e-09	2	4284	2502
GCG	C	G	0	3.9695e-09	3	1656	972
GCG	C	G	0	3.9695e-09	4	771	452
GCG	C	G	0	3.9695e-09	5	250	160
GCG	C	G	0	3.9695e-09	6	16	7
GCG	C	G	0	3.9695e-09	7	1	1
GCG	C	G	0	3.9695e-09	NA	18332	11417
GCG	C	T	0	1.4846e-08	1	10704	4700
GCG	C	T	0	1.4846e-08	2	2615	1227
GCG	C	T	0	1.4846e-08	3	687	296
GCG	C	T	0	1.4846e-08	4	276	98
GCG	C	T	0	1.4846e-08	5	152	72
GCG	C	T	0	1.4846e-08	6	57	27
GCG	C	T	0	1.4846e-08	7	15	10
GCG	C	T	0	1.4846e-08	NA	9782	4428
GCG	C	T	1	7.0178e-08	1	6175	1836
GCG	C	T	1	7.0178e-08	2	1542	392
GCG	C	T	1	7.0178e-08	3	525	130
GCG	C	T	1	7.0178e-08	4	220	56
GCG	C	T	1	7.0178e-08	5	75	12
GCG	C	T	1	7.0178e-08	6	32	9
GCG	C	T	1	7.0178e-08	7	7	2
GCG	C	T	1	7.0178e-08	NA	4973	1600
GCG	C	T	2	1.2296e-07	1	139111	17498
GCG	C	T	2	1.2296e-07	2	38796	4844
GCG	C	T	2	1.2296e-07	3	13948	1810
GCG	C	T	2	1.2296e-07	4	5892	799
GCG	C	T	2	1.2296e-07	5	2674	397
GCG	C	T	2	1.2296e-07	6	1016	214
GCG	C	T	2	1.2296e-07	7	282	75
GCG	C	T	2	1.2296e-07	9	9	4
GCG	C	T	2	1.2296e-07	NA	141679	25288
GCT	C	A	0	2.0008e-09	1	22796	13595
GCT	C	A	0	2.0008e-09	2	6082	3697
GCT	C	A	0	2.0008e-09	3	1736	1025
GCT	C	A	0	2.0008e-09	4	657	406
GCT	C	A	0	2.0008e-09	5	253	163
GCT	C	A	0	2.0008e-09	6	199	130
GCT	C	A	0	2.0008e-09	7	263	181
GCT	C	A	0	2.0008e-09	9	99	66
GCT	C	A	0	2.0008e-09	NA	31717	19665
GCT	C	G	0	2.3044e-09	1	27225	16565
GCT	C	G	0	2.3044e-09	2	9354	5794
GCT	C	G	0	2.3044e-09	3	3405	2091
GCT	C	G	0	2.3044e-09	4	1752	1083
GCT	C	G	0	2.3044e-09	5	1181	768
GCT	C	G	0	2.3044e-09	6	602	390
GCT	C	G	0	2.3044e-09	7	417	301
GCT	C	G	0	2.3044e-09	9	119	81
GCT	C	G	0	2.3044e-09	NA	43095	26615
GCT	C	T	0	7.7891e-09	1	130271	71470
GCT	C	T	0	7.7891e-09	2	34471	19070
GCT	C	T	0	7.7891e-09	3	10939	6034
GCT	C	T	0	7.7891e-09	4	4371	2483
GCT	C	T	0	7.7891e-09	5	1782	1035
GCT	C	T	0	7.7891e-09	6	842	535
GCT	C	T	0	7.7891e-09	7	634	443
GCT	C	T	0	7.7891e-09	9	293	207
GCT	C	T	0	7.7891e-09	NA	74831	42572
TAA	A	C	0	1.3516e-09	1	15922	9648
TAA	A	C	0	1.3516e-09	2	5538	3465
TAA	A	C	0	1.3516e-09	3	2058	1259
TAA	A	C	0	1.3516e-09	4	1234	789
TAA	A	C	0	1.3516e-09	5	806	538
TAA	A	C	0	1.3516e-09	6	487	341
TAA	A	C	0	1.3516e-09	7	38	33
TAA	A	C	0	1.3516e-09	NA	8406	5487
TAA	A	G	0	4.1342e-09	1	55633	31590
TAA	A	G	0	4.1342e-09	2	19508	11029
TAA	A	G	0	4.1342e-09	3	7641	4425
TAA	A	G	0	4.1342e-09	4	3754	2133
TAA	A	G	0	4.1342e-09	5	1736	1028
TAA	A	G	0	4.1342e-09	6	120	88
TAA	A	G	0	4.1342e-09	NA	23978	14202
TAA	A	T	0	1.8172e-09	1	15298	8550
TAA	A	T	0	1.8172e-09	2	4215	2403
TAA	A	T	0	1.8172e-09	3	1619	931
TAA	A	T	0	1.8172e-09	4	1004	601
TAA	A	T	0	1.8172e-09	5	675	440
TAA	A	T	0	1.8172e-09	6	351	253
TAA	A	T	0	1.8172e-09	7	11	8
TAA	A	T	0	1.8172e-09	NA	5145	3283
TAC	A	C	0	1.0244e-09	1	8201	4874
TAC	A	C	0	1.0244e-09	2	2782	1711
TAC	A	C	0	1.0244e-09	3	983	584
TAC	A	C	0	1.0244e-09	4	538	326
TAC	A	C	0	1.0244e-09	5	479	300
TAC	A	C	0	1.0244e-09	6	469	317
TAC	A	C	0	1.0244e-09	7	474	328
TAC	A	C	0	1.0244e-09	9	380	283
TAC	A	C	0	1.0244e-09	NA	7538	4853
TAC	A	G	0	6.1812e-09	1	48727	26650
TAC	A	G	0	6.1812e-09	2	14128	7751
TAC	A	G	0	6.1812e-09	3	4126	2334
TAC	A	G	0	6.1812e-09	4	1923	1117
TAC	A	G	0	6.1812e-09	5	1866	1202
TAC	A	G	0	6.1812e-09	6	2059	1406
TAC	A	G	0	6.1812e-09	7	1132	806
TAC	A	G	0	6.1812e-09	9	55	37
TAC	A	G	0	6.1812e-09	NA	38423	22250
TAC	A	T	0	1.1486e-09	1	8643	5237
TAC	A	T	0	1.1486e-09	2	2455	1542
TAC	A	T	0	1.1486e-09	3	818	514
TAC	A	T	0	1.1486e-09	4	510	334
TAC	A	T	0	1.1486e-09	5	412	261
TAC	A	T	0	1.1486e-09	6	443	323
TAC	A	T	0	1.1486e-09	7	405	299
TAC	A	T	0	1.1486e-09	9	326	241
TAC	A	T	0	1.1486e-09	NA	8154	5207
TAG	A	C	0	1.0799e-09	1	9460	5957
TAG	A	C	0	1.0799e-09	2	3002	1847
TAG	A	C	0	1.0799e-09	3	1180	764
TAG	A	C	0	1.0799e-09	4	679	423
TAG	A	C	0	1.0799e-09	5	465	322
TAG	A	C	0	1.0799e-09	6	282	198
TAG	A	C	0	1.0799e-09	7	264	206
TAG	A	C	0	1.0799e-09	9	137	99
TAG	A	C	0	1.0799e-09	NA	4406	2852
TAG	A	G	0	5.1781e-09	1	44591	25182
TAG	A	G	0	5.1781e-09	2	13149	7551
TAG	A	G	0	5.1781e-09	3	4565	2606
TAG	A	G	0	5.1781e-09	4	2150	1229
TAG	A	G	0	5.1781e-09	5	1311	800
TAG	A	G	0	5.1781e-09	6	937	618
TAG	A	G	0	5.1781e-09	7	1296	891
TAG	A	G	0	5.1781e-09	9	663	487
TAG	A	G	0	5.1781e-09	NA	23581	14313
TAG	A	T	0	1.0818e-09	1	8872	5465
TAG	A	T	0	1.0818e-09	2	2399	1490
TAG	A	T	0	1.0818e-09	3	808	518
TAG	A	T	0	1.0818e-09	4	437	273
TAG	A	T	0	1.0818e-09	5	321	215
TAG	A	T	0	1.0818e-09	6	242	152
TAG	A	T	0	1.0818e-09	7	320	204
TAG	A	T	0	1.0818e-09	9	223	141
TAG	A	T	0	1.0818e-09	NA	4563	3020
TAT	A	C	0	1.1890e-09	1	11654	7020
TAT	A	C	0	1.1890e-09	2	3587	2183
TAT	A	C	0	1.1890e-09	3	1201	744
TAT	A	C	0	1.1890e-09	4	594	371
TAT	A	C	0	1.1890e-09	5	273	189
TAT	A	C	0	1.1890e-09	6	164	119
TAT	A	C	0	1.1890e-09	7	97	71
TAT	A	C	0	1.1890e-09	9	24	18
TAT	A	C	0	1.1890e-09	NA	9820	6152
TAT	A	G	0	1.1196e-08	1	122803	58617
TAT	A	G	0	1.1196e-08	2	32423	15607
TAT	A	G	0	1.1196e-08	3	9110	4448
TAT	A	G	0	1.1196e-08	4	3354	1683
TAT	A	G	0	1.1196e-08	5	2159	1158
TAT	A	G	0	1.1196e-08	6	629	361
TAT	A	G	0	1.1196e-08	7	41	21
TAT	A	G	0	1.1196e-08	9	7	3
TAT	A	G	0	1.1196e-08	NA	69900	34315
TAT	A	T	0	1.8687e-09	1	18319	10779
TAT	A	T	0	1.8687e-09	2	4504	2673
TAT	A	T	0	1.8687e-09	3	1383	833
TAT	A	T	0	1.8687e-09	4	684	412
TAT	A	T	0	1.8687e-09	5	417	279
TAT	A	T	0	1.8687e-09	6	106	73
TAT	A	T	0	1.8687e-09	NA	13199	8324
TCA	C	A	0	2.3099e-09	1	27233	16003
TCA	C	A	0	2.3099e-09	2	7673	4620
TCA	C	A	0	2.3099e-09	3	3257	1979
TCA	C	A	0	2.3099e-09	4	2029	1264
TCA	C	A	0	2.3099e-09	5	1201	785
TCA	C	A	0	2.3099e-09	6	255	177
TCA	C	A	0	2.3099e-09	7	8	3
TCA	C	A	0	2.3099e-09	NA	18000	11603
TCA	C	G	0	2.1414e-09	1	37946	22930
TCA	C	G	0	2.1414e-09	2	10775	6502
TCA	C	G	0	2.1414e-09	3	3404	2106
TCA	C	G	0	2.1414e-09	4	1362	895
TCA	C	G	0	2.1414e-09	5	1142	753
TCA	C	G	0	2.1414e-09	6	583	404
TCA	C	G	0	2.1414e-09	7	16	10
TCA	C	G	0	2.1414e-09	NA	30654	19383
TCA	C	T	0	5.7989e-09	1	111115	62154
TCA	C	T	0	5.7989e-09	2	31398	17729
TCA	C	T	0	5.7989e-09	3	12574	7215
TCA	C	T	0	5.7989e-09	4	6796	3923
TCA	C	T	0	5.7989e-09	5	2333	1380
TCA	C	T	0	5.7989e-09	6	115	77
TCA	C	T	0	5.7989e-09	NA	60820	36641
TCC	C	A	0	2.5995e-09	1	34591	20418
TCC	C	A	0	2.5995e-09	2	12021	7137
TCC	C	A	0	2.5995e-09	3	4799	2897
TCC	C	A	0	2.5995e-09	4	3111	1918
TCC	C	A	0	2.5995e-09	5	1915	1191
TCC	C	A	0	2.5995e-09	6	620	407
TCC	C	A	0	2.5995e-09	7	144	96
TCC	C	A	0	2.5995e-09	9	66	47
TCC	C	A	0	2.5995e-09	NA	34487	21813
TCC	C	G	0	2.5440e-09	1	43890	26334
TCC	C	G	0	2.5440e-09	2	12880	7777
TCC	C	G	0	2.5440e-09	3	4503	2700
TCC	C	G	0	2.5440e-09	4	2077	1283
TCC	C	G	0	2.5440e-09	5	821	522
TCC	C	G	0	2.5440e-09	6	186	129
TCC	C	G	0	2.5440e-09	7	2	2
TCC	C	G	0	2.5440e-09	NA	47385	29746
TCC	C	T	0	7.6664e-09	1	136359	73638
TCC	C	T	0	7.6664e-09	2	36205	19788
TCC	C	T	0	7.6664e-09	3	11795	6530
TCC	C	T	0	7.6664e-09	4	4490	2518
TCC	C	T	0	7.6664e-09	5	1421	830
TCC	C	T	0	7.6664e-09	6	89	57
TCC	C	T	0	7.6664e-09	NA	98080	56827
TCG	C	A	0	5.1503e-09	1	13976	7919
TCG	C	A	0	5.1503e-09	2	5102	2970
TCG	C	A	0	5.1503e-09	3	2166	1265
TCG	C	A	0	5.1503e-09	4	1704	1058
TCG	C	A	0	5.1503e-09	5	953	609
TCG	C	A	0	5.1503e-09	6	250	163
TCG	C	A	0	5.1503e-09	7	65	41
TCG	C	A	0	5.1503e-09	9	29	18
TCG	C	A	0	5.1503e-09	NA	14354	8926
TCG	C	G	0	5.5213e-09	1	17373	9770
TCG	C	G	0	5.5213e-09	2	4551	2649
TCG	C	G	0	5.5213e-09	3	1582	929
TCG	C	G	0	5.5213e-09	4	726	432
TCG	C	G	0	5.5213e-09	5	234	141
TCG	C	G	0	5.5213e-09	6	35	22
TCG	C	G	0	5.5213e-09	NA	24769	14870
TCG	C	T	0	1.9329e-08	1	6204	2816
TCG	C	T	0	1.9329e-08	2	1483	653
TCG	C	T	0	1.9329e-08	3	469	211
TCG	C	T	0	1.9329e-08	4	127	51
TCG	C	T	0	1.9329e-08	5	20	10
TCG	C	T	0	1.9329e-08	NA	5843	2863
TCG	C	T	1	7.2389e-08	1	5128	1337
TCG	C	T	1	7.2389e-08	2	1372	356
TCG	C	T	1	7.2389e-08	3	595	136
TCG	C	T	1	7.2389e-08	4	267	59
TCG	C	T	1	7.2389e-08	5	40	11
TCG	C	T	1	7.2389e-08	NA	4779	1435
TCG	C	T	2	1.0005e-07	1	115731	18140
TCG	C	T	2	1.0005e-07	2	31468	5019
TCG	C	T	2	1.0005e-07	3	12816	2084
TCG	C	T	2	1.0005e-07	4	6316	1074
TCG	C	T	2	1.0005e-07	5	1221	252
TCG	C	T	2	1.0005e-07	6	13	2
TCG	C	T	2	1.0005e-07	NA	130473	29480
TCT	C	A	0	2.6557e-09	1	34190	19872
TCT	C	A	0	2.6557e-09	2	9967	5775
TCT	C	A	0	2.6557e-09	3	4024	2377
TCT	C	A	0	2.6557e-09	4	2150	1326
TCT	C	A	0	2.6557e-09	5	751	471
TCT	C	A	0	2.6557e-09	6	342	227
TCT	C	A	0	2.6557e-09	7	404	283
TCT	C	A	0	2.6557e-09	9	158	110
TCT	C	A	0	2.6557e-09	NA	32693	20417
TCT	C	G	0	3.5919e-09	1	64934	38429
TCT	C	G	0	3.5919e-09	2	19978	11565
TCT	C	G	0	3.5919e-09	3	7161	4216
TCT	C	G	0	3.5919e-09	4	3135	1852
TCT	C	G	0	3.5919e-09	5	1010	611
TCT	C	G	0	3.5919e-09	6	713	492
TCT	C	G	0	3.5919e-09	7	796	553
TCT	C	G	0	3.5919e-09	9	181	135
TCT	C	G	0	3.5919e-09	NA	63595	38874
TCT	C	T	0	5.5597e-09	1	136314	76094
TCT	C	T	0	5.5597e-09	2	33643	18784
TCT	C	T	0	5.5597e-09	3	11342	6514
TCT	C	T	0	5.5597e-09	4	4659	2703
TCT	C	T	0	5.5597e-09	5	1464	916
TCT	C	T	0	5.5597e-09	6	740	490
TCT	C	T	0	5.5597e-09	7	823	584
TCT	C	T	0	5.5597e-09	9	386	270
TCT	C	T	0	5.5597e-09	NA	59222	35303
